date,year,month,day,occasion,season,lectionary_year,proper
2007-01-07,2007,1,7,First Sunday after the Epiphany,Epiphany,C,
2007-01-14,2007,1,14,Second Sunday after the Epiphany,Epiphany,C,
2007-01-21,2007,1,21,Third Sunday after the Epiphany,Epiphany,C,
2007-01-28,2007,1,28,Fourth Sunday after the Epiphany,Epiphany,C,
2007-02-04,2007,2,4,Fifth Sunday after the Epiphany,Epiphany,C,
2007-02-11,2007,2,11,Sixth Sunday after the Epiphany,Epiphany,C,
2007-02-18,2007,2,18,Last Sunday after Epiphany,Epiphany,C,
2007-02-25,2007,2,25,First Sunday in Lent,Lent,C,
2007-03-04,2007,3,4,Second Sunday in Lent,Lent,C,
2007-03-11,2007,3,11,Third Sunday in Lent,Lent,C,
2007-03-18,2007,3,18,Fourth Sunday in Lent,Lent,C,
2007-03-25,2007,3,25,Fifth Sunday in Lent,Lent,C,
2007-04-01,2007,4,1,Palm Sunday,Lent,C,
2007-04-08,2007,4,8,Easter Day,Easter,C,
2007-04-15,2007,4,15,Second Sunday of Easter,Easter,C,
2007-04-22,2007,4,22,Third Sunday of Easter,Easter,C,
2007-04-29,2007,4,29,Fourth Sunday of Easter,Easter,C,
2007-05-06,2007,5,6,Fifth Sunday of Easter,Easter,C,
2007-05-13,2007,5,13,Sixth Sunday of Easter,Easter,C,
2007-05-20,2007,5,20,Seventh Sunday of Easter,Easter,C,
2007-05-27,2007,5,27,Day of Pentecost,Ordinary Time,C,
2007-06-03,2007,6,3,Trinity Sunday,Ordinary Time,C,
2007-06-10,2007,6,10,Second Sunday after Pentecost Proper 5,Ordinary Time,C,5
2007-06-17,2007,6,17,Third Sunday after Pentecost Proper 6,Ordinary Time,C,6
2007-06-24,2007,6,24,Fourth Sunday after Pentecost Proper 7,Ordinary Time,C,7
2007-07-01,2007,7,1,Fifth Sunday after Pentecost Proper 8,Ordinary Time,C,8
2007-07-08,2007,7,8,Sixth Sunday after Pentecost Proper 9,Ordinary Time,C,9
2007-07-15,2007,7,15,Seventh Sunday after Pentecost Proper 10,Ordinary Time,C,10
2007-07-22,2007,7,22,Eighth Sunday after Pentecost Proper 11,Ordinary Time,C,11
2007-07-29,2007,7,29,Ninth Sunday after Pentecost Proper 12,Ordinary Time,C,12
2007-08-05,2007,8,5,Tenth Sunday after Pentecost Proper 13,Ordinary Time,C,13
2007-08-12,2007,8,12,Eleventh Sunday after Pentecost Proper 14,Ordinary Time,C,14
2007-08-19,2007,8,19,Twelfth Sunday after Pentecost Proper 15,Ordinary Time,C,15
2007-08-26,2007,8,26,Thirteenth Sunday after Pentecost Proper 16,Ordinary Time,C,16
2007-09-02,2007,9,2,Fourteenth Sunday after Pentecost Proper 17,Ordinary Time,C,17
2007-09-09,2007,9,9,Fifteenth Sunday after Pentecost Proper 18,Ordinary Time,C,18
2007-09-16,2007,9,16,Sixteenth Sunday after Pentecost Proper 19,Ordinary Time,C,19
2007-09-23,2007,9,23,Seventeenth Sunday after Pentecost Proper 20,Ordinary Time,C,20
2007-09-30,2007,9,30,Eighteenth Sunday after Pentecost Proper 21,Ordinary Time,C,21
2007-10-07,2007,10,7,Nineteenth Sunday after Pentecost Proper 22,Ordinary Time,C,22
2007-10-14,2007,10,14,Twentieth Sunday after Pentecost Proper 23,Ordinary Time,C,23
2007-10-21,2007,10,21,Twenty First Sunday after Pentecost Proper 24,Ordinary Time,C,24
2007-10-28,2007,10,28,Twenty Second Sunday after Pentecost Proper 25,Ordinary Time,C,25
2007-11-04,2007,11,4,Twenty Fourth Sunday after Pentecost Proper 26,Ordinary Time,C,26
2007-11-11,2007,11,11,Twenty Fourth Sunday after Pentecost Proper 27,Ordinary Time,C,27
2007-11-18,2007,11,18,Twenty Fifth Sunday after Pentecost Proper 28,Ordinary Time,C,28
2007-11-25,2007,11,25,Christ the King,Special,C,
2007-12-02,2007,12,2,First Sunday of Advent,Advent,A,
2007-12-09,2007,12,9,Second Sunday of Advent,Advent,A,
2007-12-16,2007,12,16,Third Sunday of Advent,Advent,A,
2007-12-23,2007,12,23,Fourth Sunday of Advent,Advent,A,
2007-12-30,2007,12,30,First Sunday after Christmas,Christmas,A,
2008-01-06,2008,1,6,The Epiphany,Epiphany,A,
2008-01-13,2008,1,13,First Sunday after the Epiphany,Epiphany,A,
2008-01-20,2008,1,20,Second Sunday after the Epiphany,Epiphany,A,
2008-01-27,2008,1,27,Third Sunday after the Epiphany,Epiphany,A,
2008-02-03,2008,2,3,Last Sunday after Epiphany,Epiphany,A,
2008-02-10,2008,2,10,First Sunday in Lent,Lent,A,
2008-02-17,2008,2,17,Second Sunday in Lent,Lent,A,
2008-02-24,2008,2,24,Third Sunday in Lent,Lent,A,
2008-03-02,2008,3,2,Fourth Sunday in Lent,Lent,A,
2008-03-09,2008,3,9,Fifth Sunday in Lent,Lent,A,
2008-03-16,2008,3,16,Palm Sunday,Lent,A,
2008-03-23,2008,3,23,Easter Day,Easter,A,
2008-03-30,2008,3,30,Second Sunday of Easter,Easter,A,
2008-04-06,2008,4,6,Third Sunday of Easter,Easter,A,
2008-04-13,2008,4,13,Fourth Sunday of Easter,Easter,A,
2008-04-20,2008,4,20,Fifth Sunday of Easter,Easter,A,
2008-04-27,2008,4,27,Sixth Sunday of Easter,Easter,A,
2008-05-04,2008,5,4,Seventh Sunday of Easter,Easter,A,
2008-05-11,2008,5,11,Day of Pentecost,Ordinary Time,A,
2008-05-18,2008,5,18,Trinity Sunday,Ordinary Time,A,
2008-05-25,2008,5,25,Second Sunday after Pentecost Proper 3,Ordinary Time,A,3
2008-06-01,2008,6,1,Third Sunday after Pentecost Proper 4,Ordinary Time,A,4
2008-06-08,2008,6,8,Fourth Sunday after Pentecost Proper 5,Ordinary Time,A,5
2008-06-15,2008,6,15,Fifth Sunday after Pentecost Proper 6,Ordinary Time,A,6
2008-06-22,2008,6,22,Sixth Sunday after Pentecost Proper 7,Ordinary Time,A,7
2008-06-29,2008,6,29,Seventh Sunday after Pentecost Proper 8,Ordinary Time,A,8
2008-07-06,2008,7,6,Eighth Sunday after Pentecost Proper 9,Ordinary Time,A,9
2008-07-13,2008,7,13,Ninth Sunday after Pentecost Proper 10,Ordinary Time,A,10
2008-07-20,2008,7,20,Tenth Sunday after Pentecost Proper 11,Ordinary Time,A,11
2008-07-27,2008,7,27,Eleventh Sunday after Pentecost Proper 12,Ordinary Time,A,12
2008-08-03,2008,8,3,Twelfth Sunday after Pentecost Proper 13,Ordinary Time,A,13
2008-08-10,2008,8,10,Thirteenth Sunday after Pentecost Proper 14,Ordinary Time,A,14
2008-08-17,2008,8,17,Fourteenth Sunday after Pentecost Proper 15,Ordinary Time,A,15
2008-08-24,2008,8,24,Fifteenth Sunday after Pentecost Proper 16,Ordinary Time,A,16
2008-08-31,2008,8,31,Sixteenth Sunday after Pentecost Proper 17,Ordinary Time,A,17
2008-09-07,2008,9,7,Seventeenth Sunday after Pentecost Proper 18,Ordinary Time,A,18
2008-09-14,2008,9,14,Eighteenth Sunday after Pentecost Proper 19,Ordinary Time,A,19
2008-09-21,2008,9,21,Nineteenth Sunday after Pentecost Proper 20,Ordinary Time,A,20
2008-09-28,2008,9,28,Twentieth Sunday after Pentecost Proper 21,Ordinary Time,A,21
2008-10-05,2008,10,5,Twenty First Sunday after Pentecost Proper 22,Ordinary Time,A,22
2008-10-12,2008,10,12,Twenty Second Sunday after Pentecost Proper 23,Ordinary Time,A,23
2008-10-19,2008,10,19,Twenty Third Sunday after Pentecost Proper 24,Ordinary Time,A,24
2008-10-26,2008,10,26,Twenty Fourth Sunday after Pentecost Proper 25,Ordinary Time,A,25
2008-11-02,2008,11,2,Twenty Fifth Sunday after Pentecost Proper 26,Ordinary Time,A,26
2008-11-09,2008,11,9,Twenty Sixth Sunday after Pentecost Proper 27,Ordinary Time,A,27
2008-11-16,2008,11,16,Twenty Seventh Sunday after Pentecost Proper 28,Ordinary Time,A,28
2008-11-23,2008,11,23,Christ the King,Special,A,
2008-11-30,2008,11,30,First Sunday of Advent,Advent,B,
2008-12-07,2008,12,7,Second Sunday of Advent,Advent,B,
2008-12-14,2008,12,14,Third Sunday of Advent,Advent,B,
2008-12-21,2008,12,21,Fourth Sunday of Advent,Advent,B,
2008-12-28,2008,12,28,First Sunday after Christmas,Christmas,B,
2009-01-04,2009,1,4,Second Sunday after Christmas,Christmas,B,
2009-01-11,2009,1,11,First Sunday after the Epiphany,Epiphany,B,
2009-01-18,2009,1,18,Second Sunday after the Epiphany,Epiphany,B,
2009-01-25,2009,1,25,Third Sunday after the Epiphany,Epiphany,B,
2009-02-01,2009,2,1,Fourth Sunday after the Epiphany,Epiphany,B,
2009-02-08,2009,2,8,Fifth Sunday after the Epiphany,Epiphany,B,
2009-02-15,2009,2,15,Sixth Sunday after the Epiphany,Epiphany,B,
2009-02-22,2009,2,22,Last Sunday after Epiphany,Epiphany,B,
2009-02-25,2009,2,25,Ash Wednesday,Lent,B,
2009-03-01,2009,3,1,First Sunday in Lent,Lent,B,
2009-03-08,2009,3,8,Second Sunday in Lent,Lent,B,
2009-03-15,2009,3,15,Third Sunday in Lent,Lent,B,
2009-03-22,2009,3,22,Fourth Sunday in Lent,Lent,B,
2009-03-29,2009,3,29,Fifth Sunday in Lent,Lent,B,
2009-04-05,2009,4,5,Palm Sunday,Lent,B,
2009-04-12,2009,4,12,Easter Day Principal RCL,Easter,B,
2009-04-19,2009,4,19,Second Sunday of Easter,Easter,B,
2009-04-26,2009,4,26,Third Sunday of Easter,Easter,B,
2009-05-03,2009,5,3,Fourth Sunday of Easter,Easter,B,
2009-05-10,2009,5,10,Fifth Sunday of Easter,Easter,B,
2009-05-17,2009,5,17,Sixth Sunday of Easter,Easter,B,
2009-05-24,2009,5,24,Seventh Sunday of Easter,Easter,B,
2009-05-31,2009,5,31,Day of Pentecost,Ordinary Time,B,
2009-06-07,2009,6,7,Trinity Sunday,Ordinary Time,B,
2009-06-14,2009,6,14,Second Sunday after Pentecost Proper 6,Ordinary Time,B,6
2009-06-21,2009,6,21,Third Sunday after Pentecost Proper 7,Ordinary Time,B,7
2009-06-28,2009,6,28,Fourth Sunday after Pentecost Proper 8,Ordinary Time,B,8
2009-07-05,2009,7,5,Fifth Sunday after Pentecost Proper 9,Ordinary Time,B,9
2009-07-12,2009,7,12,Sixth Sunday after Pentecost Proper 10,Ordinary Time,B,10
2009-07-19,2009,7,19,Seventh Sunday after Pentecost Proper 11,Ordinary Time,B,11
2009-07-26,2009,7,26,Eighth Sunday after Pentecost Proper 12,Ordinary Time,B,12
2009-08-02,2009,8,2,Ninth Sunday after Pentecost Proper 13,Ordinary Time,B,13
2009-08-09,2009,8,9,Tenth Sunday after Pentecost Proper 14,Ordinary Time,B,14
2009-08-16,2009,8,16,Eleventh Sunday after Pentecost Proper 15,Ordinary Time,B,15
2009-08-23,2009,8,23,Twelfth Sunday after Pentecost Proper 16,Ordinary Time,B,16
2009-08-30,2009,8,30,Thirteenth Sunday after Pentecost Proper 17,Ordinary Time,B,17
2009-09-06,2009,9,6,Fourteenth Sunday after Pentecost Proper 18,Ordinary Time,B,18
2009-09-13,2009,9,13,Fifteenth Sunday after Pentecost Proper 19,Ordinary Time,B,19
2009-09-20,2009,9,20,Sixteenth Sunday after Pentecost Proper 20,Ordinary Time,B,20
2009-09-27,2009,9,27,Seventeenth Sunday after Pentecost Proper 21,Ordinary Time,B,21
2009-10-04,2009,10,4,Eighteenth Sunday after Pentecost Proper 22,Ordinary Time,B,22
2009-10-11,2009,10,11,Nineteenth Sunday after Pentecost Proper 23,Ordinary Time,B,23
2009-10-18,2009,10,18,Twentieth Sunday after Pentecost Proper 24,Ordinary Time,B,24
2009-10-25,2009,10,25,Twenty First Sunday after Pentecost Proper 25,Ordinary Time,B,25
2009-11-01,2009,11,1,All Saints RCL All Saints BCP (1) All Saints BCP (2),Special,B,
2009-11-08,2009,11,8,Twenty Third Sunday after Pentecost Proper 27,Ordinary Time,B,27
2009-11-15,2009,11,15,Twenty Fourth Sunday after Pentecost Proper 28,Ordinary Time,B,28
2009-11-22,2009,11,22,Christ the King,Special,B,
2009-11-29,2009,11,29,First Sunday of Advent,Advent,C,
2009-12-06,2009,12,6,Second Sunday of Advent,Advent,C,
2009-12-13,2009,12,13,Third Sunday of Advent,Advent,C,
2009-12-20,2009,12,20,Fourth Sunday of Advent,Advent,C,
2009-12-27,2009,12,27,First Sunday after Christmas,Christmas,C,
2010-01-03,2010,1,3,Second Sunday after Christmas,Christmas,C,
2010-01-10,2010,1,10,First Sunday after the Epiphany,Epiphany,C,
2010-01-17,2010,1,17,Second Sunday after the Epiphany,Epiphany,C,
2010-01-24,2010,1,24,Third Sunday after the Epiphany,Epiphany,C,
2010-01-31,2010,1,31,Fourth Sunday after the Epiphany,Epiphany,C,
2010-02-07,2010,2,7,Fifth Sunday after the Epiphany,Epiphany,C,
2010-02-14,2010,2,14,Last Sunday after Epiphany,Epiphany,C,
2010-02-21,2010,2,21,First Sunday in Lent,Lent,C,
2010-02-28,2010,2,28,Second Sunday in Lent,Lent,C,
2010-03-07,2010,3,7,Third Sunday in Lent,Lent,C,
2010-03-14,2010,3,14,Fourth Sunday in Lent,Lent,C,
2010-03-21,2010,3,21,Fifth Sunday in Lent,Lent,C,
2010-03-28,2010,3,28,Palm Sunday,Lent,C,
2010-04-04,2010,4,4,Easter Day Principal RCL,Easter,C,
2010-04-11,2010,4,11,Second Sunday of Easter,Easter,C,
2010-04-18,2010,4,18,Third Sunday of Easter,Easter,C,
2010-04-25,2010,4,25,Fourth Sunday of Easter,Easter,C,
2010-05-02,2010,5,2,Fifth Sunday of Easter,Easter,C,
2010-05-09,2010,5,9,Sixth Sunday of Easter,Easter,C,
2010-05-16,2010,5,16,Seventh Sunday of Easter,Easter,C,
2010-05-23,2010,5,23,Day of Pentecost,Ordinary Time,C,
2010-05-30,2010,5,30,Trinity Sunday,Ordinary Time,C,
2010-06-06,2010,6,6,Second Sunday after Pentecost Proper 5,Ordinary Time,C,5
2010-06-13,2010,6,13,Third Sunday after Pentecost Proper 6,Ordinary Time,C,6
2010-06-20,2010,6,20,Fourth Sunday after Pentecost Proper 7,Ordinary Time,C,7
2010-06-27,2010,6,27,Fifth Sunday after Pentecost Proper 8,Ordinary Time,C,8
2010-07-04,2010,7,4,Sixth Sunday after Pentecost Proper 9,Ordinary Time,C,9
2010-07-11,2010,7,11,Seventh Sunday after Pentecost Proper 10,Ordinary Time,C,10
2010-07-18,2010,7,18,Eighth Sunday after Pentecost Proper 11,Ordinary Time,C,11
2010-07-25,2010,7,25,Ninth Sunday after Pentecost Proper 12,Ordinary Time,C,12
2010-08-01,2010,8,1,Tenth Sunday after Pentecost Proper 13,Ordinary Time,C,13
2010-08-08,2010,8,8,Eleventh Sunday after Pentecost Proper 14,Ordinary Time,C,14
2010-08-15,2010,8,15,Twelfth Sunday after Pentecost Proper 15,Ordinary Time,C,15
2010-08-22,2010,8,22,Thirteenth Sunday after Pentecost Proper 16,Ordinary Time,C,16
2010-08-29,2010,8,29,Fourteenth Sunday after Pentecost Proper 17,Ordinary Time,C,17
2010-09-05,2010,9,5,Fifteenth Sunday after Pentecost Proper 18,Ordinary Time,C,18
2010-09-12,2010,9,12,Sixteenth Sunday after Pentecost Proper 19,Ordinary Time,C,19
2010-09-19,2010,9,19,Seventeenth Sunday after Pentecost Proper 20,Ordinary Time,C,20
2010-09-26,2010,9,26,Eighteenth Sunday after Pentecost Proper 21,Ordinary Time,C,21
2010-10-03,2010,10,3,Nineteenth Sunday after Pentecost Proper 22,Ordinary Time,C,22
2010-10-10,2010,10,10,Twentieth Sunday after Pentecost Proper 23,Ordinary Time,C,23
2010-10-17,2010,10,17,Twenty First Sunday after Pentecost Proper 24,Ordinary Time,C,24
2010-10-24,2010,10,24,Twenty Second Sunday after Pentecost Proper 25,Ordinary Time,C,25
2010-10-31,2010,10,31,Twenty Third Sunday after Pentecost Proper 26 Vigil of All Saints (White for vigil),Ordinary Time,C,26
2010-11-07,2010,11,7,All Saints (white) Twenty Fourth Sunday after Pentecost Proper 27,Ordinary Time,C,27
2010-11-14,2010,11,14,Twenty Fifth Sunday after Pentecost Proper 28,Ordinary Time,C,28
2010-11-21,2010,11,21,Christ the King,Special,C,
2010-11-28,2010,11,28,First Sunday of Advent,Advent,A,
2010-12-05,2010,12,5,Second Sunday of Advent,Advent,A,
2010-12-12,2010,12,12,Third Sunday of Advent,Advent,A,
2010-12-19,2010,12,19,Fourth Sunday of Advent,Advent,A,
2010-12-26,2010,12,26,First Sunday after Christmas,Christmas,A,
2011-01-02,2011,1,2,"Second Sunday after Christmas ""(Note: Episcopal readings differ from the """"generic"""" RCL readings)""",Christmas,A,
2011-01-09,2011,1,9,First Sunday after the Epiphany The Baptism of Our Lord,Epiphany,A,
2011-01-16,2011,1,16,Second Sunday after the Epiphany,Epiphany,A,
2011-01-23,2011,1,23,Third Sunday after the Epiphany,Epiphany,A,
2011-01-30,2011,1,30,Fourth Sunday after the Epiphany,Epiphany,A,
2011-02-06,2011,2,6,Fifth Sunday after the Epiphany,Epiphany,A,
2011-02-13,2011,2,13,Sixth Sunday after the Epiphany,Epiphany,A,
2011-02-20,2011,2,20,Seventh Sunday after the Epiphany,Epiphany,A,
2011-02-27,2011,2,27,Eighth Sunday after the Epiphany,Epiphany,A,
2011-03-06,2011,3,6,Last Sunday after Epiphany,Epiphany,A,
2011-03-13,2011,3,13,First Sunday in Lent,Lent,A,
2011-03-20,2011,3,20,Second Sunday in Lent,Lent,A,
2011-03-27,2011,3,27,Third Sunday in Lent,Lent,A,
2011-04-03,2011,4,3,Fourth Sunday in Lent,Lent,A,
2011-04-10,2011,4,10,Fifth Sunday in Lent,Lent,A,
2011-04-17,2011,4,17,Palm Sunday,Lent,A,
2011-04-24,2011,4,24,Easter Day Principal Evening,Easter,A,
2011-05-01,2011,5,1,Second Sunday of Easter,Easter,A,
2011-05-08,2011,5,8,Third Sunday of Easter,Easter,A,
2011-05-15,2011,5,15,Fourth Sunday of Easter,Easter,A,
2011-05-22,2011,5,22,Fifth Sunday of Easter,Easter,A,
2011-05-29,2011,5,29,Sixth Sunday of Easter,Easter,A,
2011-06-05,2011,6,5,Seventh Sunday of Easter,Easter,A,
2011-06-12,2011,6,12,Day of Pentecost,Ordinary Time,A,
2011-06-19,2011,6,19,Trinity Sunday,Ordinary Time,A,
2011-06-26,2011,6,26,Second Sunday after Pentecost Proper 8,Ordinary Time,A,8
2011-07-03,2011,7,3,Third Sunday after Pentecost Proper 9,Ordinary Time,A,9
2011-07-10,2011,7,10,Fourth Sunday after Pentecost Proper 10,Ordinary Time,A,10
2011-07-17,2011,7,17,Fifth Sunday after Pentecost Proper 11,Ordinary Time,A,11
2011-07-24,2011,7,24,Sixth Sunday after Pentecost Proper 12,Ordinary Time,A,12
2011-07-31,2011,7,31,Seventh Sunday after Pentecost Proper 13,Ordinary Time,A,13
2011-08-07,2011,8,7,Eighth Sunday after Pentecost Proper 14,Ordinary Time,A,14
2011-08-14,2011,8,14,Ninth Sunday after Pentecost Proper 15,Ordinary Time,A,15
2011-08-21,2011,8,21,Tenth Sunday after Pentecost Proper 16,Ordinary Time,A,16
2011-08-28,2011,8,28,Eleventh Sunday after Pentecost Proper 17,Ordinary Time,A,17
2011-09-04,2011,9,4,Twelfth Sunday after Pentecost Proper 18,Ordinary Time,A,18
2011-09-11,2011,9,11,Thirteenth Sunday after Pentecost Proper 19,Ordinary Time,A,19
2011-09-18,2011,9,18,Fourteenth Sunday after Pentecost Proper 20,Ordinary Time,A,20
2011-09-25,2011,9,25,Fifteenth Sunday after Pentecost Proper 21,Ordinary Time,A,21
2011-10-02,2011,10,2,Sixteenth Sunday after Pentecost Proper 22,Ordinary Time,A,22
2011-10-09,2011,10,9,Seventeenth Sunday after Pentecost Proper 23,Ordinary Time,A,23
2011-10-16,2011,10,16,Eighteenth Sunday after Pentecost Proper 24,Ordinary Time,A,24
2011-10-23,2011,10,23,Nineteenth Sunday after Pentecost Proper 25,Ordinary Time,A,25
2011-10-30,2011,10,30,Twentieth Sunday after Pentecost Proper 26,Ordinary Time,A,26
2011-11-06,2011,11,6,"""All Saints' (see Nov 1, white)"" Twenty First Sunday after Pentecost Proper 27",Ordinary Time,A,27
2011-11-13,2011,11,13,Twenty Second Sunday after Pentecost Proper 28,Ordinary Time,A,28
2011-11-20,2011,11,20,Christ the King,Special,A,
2011-11-27,2011,11,27,First Sunday of Advent,Advent,B,
2011-12-04,2011,12,4,Second Sunday of Advent,Advent,B,
2011-12-11,2011,12,11,Third Sunday of Advent,Advent,B,
2011-12-18,2011,12,18,Fourth Sunday of Advent,Advent,B,
2011-12-25,2011,12,25,Christmas Day Christmas I Christmas II Christmas III,Christmas,B,
2012-01-01,2012,1,1,The Holy Name,Special,B,
2012-01-08,2012,1,8,First Sunday after the Epiphany The Baptism of Our Lord,Epiphany,B,
2012-01-15,2012,1,15,Second Sunday after the Epiphany,Epiphany,B,
2012-01-22,2012,1,22,Third Sunday after the Epiphany,Epiphany,B,
2012-01-29,2012,1,29,Fourth Sunday after the Epiphany,Epiphany,B,
2012-02-05,2012,2,5,Fifth Sunday after the Epiphany,Epiphany,B,
2012-02-12,2012,2,12,Sixth Sunday after the Epiphany,Epiphany,B,
2012-02-19,2012,2,19,Last Sunday after the Epiphany,Epiphany,B,
2012-02-26,2012,2,26,First Sunday in Lent,Lent,B,
2012-03-04,2012,3,4,Second Sunday in Lent,Lent,B,
2012-03-11,2012,3,11,Third Sunday in Lent,Lent,B,
2012-03-18,2012,3,18,Fourth Sunday in Lent,Lent,B,
2012-03-25,2012,3,25,Fifth Sunday in Lent,Lent,B,
2012-04-01,2012,4,1,Palm Sunday,Lent,B,
2012-04-08,2012,4,8,Easter Day Principal Evening,Easter,B,
2012-04-15,2012,4,15,Second Sunday of Easter,Easter,B,
2012-04-22,2012,4,22,Third Sunday of Easter,Easter,B,
2012-04-29,2012,4,29,Fourth Sunday of Easter,Easter,B,
2012-05-06,2012,5,6,Fifth Sunday of Easter,Easter,B,
2012-05-13,2012,5,13,Sixth Sunday of Easter,Easter,B,
2012-05-20,2012,5,20,Seventh Sunday of Easter,Easter,B,
2012-05-27,2012,5,27,Day of Pentecost,Ordinary Time,B,
2012-06-03,2012,6,3,Trinity Sunday,Ordinary Time,B,
2012-06-10,2012,6,10,Second Sunday after Pentecost Proper 5,Ordinary Time,B,5
2012-06-17,2012,6,17,Third Sunday after Pentecost Proper 6,Ordinary Time,B,6
2012-06-24,2012,6,24,Fourth Sunday after Pentecost Proper 7,Ordinary Time,B,7
2012-07-01,2012,7,1,Fifth Sunday after Pentecost Proper 8,Ordinary Time,B,8
2012-07-08,2012,7,8,Sixth Sunday after Pentecost Proper 9,Ordinary Time,B,9
2012-07-15,2012,7,15,Seventh Sunday after Pentecost Proper 10,Ordinary Time,B,10
2012-07-22,2012,7,22,Eighth Sunday after Pentecost Proper 11,Ordinary Time,B,11
2012-07-29,2012,7,29,Ninth Sunday after Pentecost Proper 12,Ordinary Time,B,12
2012-08-05,2012,8,5,Tenth Sunday after Pentecost Proper 13,Ordinary Time,B,13
2012-08-12,2012,8,12,Eleventh Sunday after Pentecost Proper 14,Ordinary Time,B,14
2012-08-19,2012,8,19,Twelfth Sunday after Pentecost Proper 15,Ordinary Time,B,15
2012-08-26,2012,8,26,Thirteenth Sunday after Pentecost Proper 16,Ordinary Time,B,16
2012-09-02,2012,9,2,Fourteenth Sunday after Pentecost Proper 17,Ordinary Time,B,17
2012-09-09,2012,9,9,Fifteenth Sunday after Pentecost Proper 18,Ordinary Time,B,18
2012-09-16,2012,9,16,Sixteenth Sunday after Pentecost Proper 19,Ordinary Time,B,19
2012-09-23,2012,9,23,Seventeenth Sunday after Pentecost Proper 20,Ordinary Time,B,20
2012-09-30,2012,9,30,Eighteenth Sunday after Pentecost Proper 21,Ordinary Time,B,21
2012-10-07,2012,10,7,Nineteenth Sunday after Pentecost Proper 22,Ordinary Time,B,22
2012-10-14,2012,10,14,Twentieth Sunday after Pentecost Proper 23,Ordinary Time,B,23
2012-10-21,2012,10,21,Twenty First Sunday after Pentecost Proper 24,Ordinary Time,B,24
2012-10-28,2012,10,28,Twenty Second Sunday after Pentecost Proper 25,Ordinary Time,B,25
2012-11-04,2012,11,4,"""All Saints' (see Nov 1, white)"" Proper 26",Ordinary Time,B,26
2012-11-11,2012,11,11,Twenty Fourth Sunday after Pentecost Proper 27,Ordinary Time,B,27
2012-11-18,2012,11,18,Twenty Fifth Sunday after Pentecost Proper 28,Ordinary Time,B,28
2012-11-25,2012,11,25,Christ the King,Special,B,
2012-12-02,2012,12,2,First Sunday of Advent,Advent,C,
2012-12-09,2012,12,9,Second Sunday of Advent,Advent,C,
2012-12-16,2012,12,16,Third Sunday of Advent,Advent,C,
2012-12-23,2012,12,23,Fourth Sunday of Advent,Advent,C,
2012-12-30,2012,12,30,First Sunday after Christmas,Christmas,C,
2013-01-06,2013,1,6,The Epiphany,Epiphany,C,
2013-01-13,2013,1,13,First Sunday after the Epiphany,Epiphany,C,
2013-01-20,2013,1,20,Second Sunday after the Epiphany,Epiphany,C,
2013-01-27,2013,1,27,Third Sunday after the Epiphany,Epiphany,C,
2013-02-03,2013,2,3,Fourth Sunday after the Epiphany,Epiphany,C,
2013-02-10,2013,2,10,Last Sunday after Epiphany,Epiphany,C,
2013-02-17,2013,2,17,First Sunday in Lent,Lent,C,
2013-02-24,2013,2,24,Second Sunday in Lent \,Lent,C,
2013-03-03,2013,3,3,Third Sunday in Lent,Lent,C,
2013-03-10,2013,3,10,Fourth Sunday in Lent,Lent,C,
2013-03-17,2013,3,17,Fifth Sunday in Lent,Lent,C,
2013-03-24,2013,3,24,Palm Sunday,Lent,C,
2013-03-31,2013,3,31,Easter Day Principal Evening,Easter,C,
2013-04-07,2013,4,7,Second Sunday of Easter,Easter,C,
2013-04-14,2013,4,14,Third Sunday of Easter,Easter,C,
2013-04-21,2013,4,21,Fourth Sunday of Easter,Easter,C,
2013-04-28,2013,4,28,Fifth Sunday of Easter,Easter,C,
2013-05-05,2013,5,5,Sixth Sunday of Easter,Easter,C,
2013-05-12,2013,5,12,Seventh Sunday of Easter,Easter,C,
2013-05-19,2013,5,19,Day of Pentecost,Ordinary Time,C,
2013-05-26,2013,5,26,Trinity Sunday,Ordinary Time,C,
2013-06-02,2013,6,2,Second Sunday after Pentecost Proper 4,Ordinary Time,C,4
2013-06-09,2013,6,9,Third Sunday after Pentecost Proper 5,Ordinary Time,C,5
2013-06-16,2013,6,16,Fourth Sunday after Pentecost Proper 6,Ordinary Time,C,6
2013-06-23,2013,6,23,Fifth Sunday after Pentecost Proper 7,Ordinary Time,C,7
2013-06-30,2013,6,30,Sixth Sunday after Pentecost Proper 8,Ordinary Time,C,8
2013-07-07,2013,7,7,Seventh Sunday after Pentecost Proper 9,Ordinary Time,C,9
2013-07-14,2013,7,14,Eighth Sunday after Pentecost Proper 10,Ordinary Time,C,10
2013-07-21,2013,7,21,Ninth Sunday after Pentecost Proper 11,Ordinary Time,C,11
2013-07-28,2013,7,28,Tenth Sunday after Pentecost Proper 12,Ordinary Time,C,12
2013-08-04,2013,8,4,Eleventh Sunday after Pentecost Proper 13,Ordinary Time,C,13
2013-08-11,2013,8,11,Twelfth Sunday after Pentecost Proper 14,Ordinary Time,C,14
2013-08-18,2013,8,18,Thirteenth Sunday after Pentecost Proper 15,Ordinary Time,C,15
2013-08-25,2013,8,25,Fourteenth Sunday after Pentecost Proper 16,Ordinary Time,C,16
2013-09-01,2013,9,1,Fifteenth Sunday after Pentecost Proper 17,Ordinary Time,C,17
2013-09-08,2013,9,8,Sixteenth Sunday after Pentecost Proper 18,Ordinary Time,C,18
2013-09-15,2013,9,15,Seventeenth Sunday after Pentecost Proper 19,Ordinary Time,C,19
2013-09-22,2013,9,22,Eighteenth Sunday after Pentecost Proper 20,Ordinary Time,C,20
2013-09-29,2013,9,29,Nineteenth Sunday after Pentecost Proper 21,Ordinary Time,C,21
2013-10-06,2013,10,6,Twentieth Sunday after Pentecost Proper 22,Ordinary Time,C,22
2013-10-13,2013,10,13,Twenty First Sunday after Pentecost Proper 23,Ordinary Time,C,23
2013-10-20,2013,10,20,Twenty Second Sunday after Pentecost Proper 24,Ordinary Time,C,24
2013-10-27,2013,10,27,Twenty Third Sunday after Pentecost Proper 25,Ordinary Time,C,25
2013-11-03,2013,11,3,"""All Saints' (see Nov 1, white)"" Proper 26",Ordinary Time,C,26
2013-11-10,2013,11,10,Twenty Fifth Sunday after Pentecost Proper 27,Ordinary Time,C,27
2013-11-17,2013,11,17,Twenty Sixth Sunday after Pentecost Proper 28,Ordinary Time,C,28
2013-11-24,2013,11,24,Christ the King,Special,C,
2013-12-01,2013,12,1,First Sunday of Advent,Advent,A,
2013-12-08,2013,12,8,Second Sunday of Advent,Advent,A,
2013-12-15,2013,12,15,Third Sunday of Advent,Advent,A,
2013-12-22,2013,12,22,Fourth Sunday of Advent,Advent,A,
2013-12-29,2013,12,29,First Sunday after Christmas,Christmas,A,
2014-01-05,2014,1,5,Second Sunday after Christmas,Christmas,A,
2014-01-12,2014,1,12,First Sunday after the Epiphany,Epiphany,A,
2014-01-19,2014,1,19,Second Sunday after the Epiphany,Epiphany,A,
2014-01-26,2014,1,26,Third Sunday after the Epiphany,Epiphany,A,
2014-02-02,2014,2,2,Presentation of Jesus in the Temple,Special,A,
2014-02-09,2014,2,9,Fifth Sunday after the Epiphany,Epiphany,A,
2014-02-16,2014,2,16,Sixth Sunday after the Epiphany,Epiphany,A,
2014-02-23,2014,2,23,Seventh Sunday after the Epiphany,Epiphany,A,
2014-03-02,2014,3,2,Last Sunday after Epiphany,Epiphany,A,
2014-03-09,2014,3,9,First Sunday in Lent,Lent,A,
2014-03-16,2014,3,16,Second Sunday in Lent,Lent,A,
2014-03-23,2014,3,23,Third Sunday in Lent,Lent,A,
2014-03-30,2014,3,30,Fourth Sunday in Lent,Lent,A,
2014-04-06,2014,4,6,Fifth Sunday in Lent,Lent,A,
2014-04-13,2014,4,13,Palm Sunday,Lent,A,
2014-04-20,2014,4,20,Easter Day Principal Evening,Easter,A,
2014-04-27,2014,4,27,Second Sunday of Easter,Easter,A,
2014-05-04,2014,5,4,Third Sunday of Easter,Easter,A,
2014-05-11,2014,5,11,Fourth Sunday of Easter,Easter,A,
2014-05-18,2014,5,18,Fifth Sunday of Easter,Easter,A,
2014-05-25,2014,5,25,Sixth Sunday of Easter,Easter,A,
2014-06-01,2014,6,1,Seventh Sunday of Easter,Easter,A,
2014-06-08,2014,6,8,Day of Pentecost,Ordinary Time,A,
2014-06-15,2014,6,15,Trinity Sunday,Ordinary Time,A,
2014-06-22,2014,6,22,Second Sunday after Pentecost Proper 7,Ordinary Time,A,7
2014-06-29,2014,6,29,Third Sunday after Pentecost Proper 8,Ordinary Time,A,8
2014-07-06,2014,7,6,Fourth Sunday after Pentecost Proper 9,Ordinary Time,A,9
2014-07-13,2014,7,13,Fifth Sunday after Pentecost Proper 10,Ordinary Time,A,10
2014-07-20,2014,7,20,Sixth Sunday after Pentecost Proper 11,Ordinary Time,A,11
2014-07-27,2014,7,27,Seventh Sunday after Pentecost Proper 12,Ordinary Time,A,12
2014-08-03,2014,8,3,Eighth Sunday after Pentecost Proper 13,Ordinary Time,A,13
2014-08-10,2014,8,10,Ninth Sunday after Pentecost Proper 14,Ordinary Time,A,14
2014-08-17,2014,8,17,Tenth Sunday after Pentecost Proper 15,Ordinary Time,A,15
2014-08-24,2014,8,24,Eleventh Sunday after Pentecost Proper 16,Ordinary Time,A,16
2014-08-31,2014,8,31,Twelfth Sunday after Pentecost Proper 17,Ordinary Time,A,17
2014-09-07,2014,9,7,Thirteenth Sunday after Pentecost Proper 18,Ordinary Time,A,18
2014-09-14,2014,9,14,Fourteenth Sunday after Pentecost Proper 19,Ordinary Time,A,19
2014-09-21,2014,9,21,Fifteenth Sunday after Pentecost Proper 20,Ordinary Time,A,20
2014-09-28,2014,9,28,Sixteenth Sunday after Pentecost Proper 21,Ordinary Time,A,21
2014-10-05,2014,10,5,Seventeenth Sunday after Pentecost Proper 22,Ordinary Time,A,22
2014-10-12,2014,10,12,Eighteenth Sunday after Pentecost Proper 23,Ordinary Time,A,23
2014-10-19,2014,10,19,Nineteenth Sunday after Pentecost Proper 24,Ordinary Time,A,24
2014-10-26,2014,10,26,Twentieth Sunday after Pentecost Proper 25,Ordinary Time,A,25
2014-11-02,2014,11,2,All Saints (white) Twenty First Sunday after Pentecost Proper 26,Ordinary Time,A,26
2014-11-09,2014,11,9,Twenty Second Sunday after Pentecost Proper 27,Ordinary Time,A,27
2014-11-16,2014,11,16,Twenty Third Sunday after Pentecost Proper 28,Ordinary Time,A,28
2014-11-23,2014,11,23,Christ the King,Special,A,
2014-11-30,2014,11,30,First Sunday of Advent,Advent,B,
2014-12-07,2014,12,7,Second Sunday of Advent,Advent,B,
2014-12-14,2014,12,14,Third Sunday of Advent,Advent,B,
2014-12-21,2014,12,21,Fourth Sunday of Advent,Advent,B,
2014-12-28,2014,12,28,First Sunday after Christmas,Christmas,B,
2015-01-04,2015,1,4,"Second Sunday after Christmas ""(Note: Episcopal readings differ from the """"generic"""" RCL readings)""",Christmas,B,
2015-01-11,2015,1,11,First Sunday after the Epiphany,Epiphany,B,
2015-01-18,2015,1,18,Second Sunday after the Epiphany,Epiphany,B,
2015-01-25,2015,1,25,Third Sunday after the Epiphany,Epiphany,B,
2015-02-01,2015,2,1,Fourth Sunday after the Epiphany,Epiphany,B,
2015-02-08,2015,2,8,Fifth Sunday after the Epiphany,Epiphany,B,
2015-02-15,2015,2,15,Last Sunday after Epiphany,Epiphany,B,
2015-02-22,2015,2,22,First Sunday in Lent,Lent,B,
2015-03-01,2015,3,1,Second Sunday in Lent,Lent,B,
2015-03-08,2015,3,8,Third Sunday in Lent,Lent,B,
2015-03-15,2015,3,15,Fourth Sunday in Lent,Lent,B,
2015-03-22,2015,3,22,Fifth Sunday in Lent,Lent,B,
2015-03-29,2015,3,29,Palm Sunday,Lent,B,
2015-04-05,2015,4,5,Easter Day Principal Evening,Easter,B,
2015-04-12,2015,4,12,Second Sunday of Easter,Easter,B,
2015-04-19,2015,4,19,Third Sunday of Easter,Easter,B,
2015-04-26,2015,4,26,Fourth Sunday of Easter,Easter,B,
2015-05-03,2015,5,3,Fifth Sunday of Easter,Easter,B,
2015-05-10,2015,5,10,Sixth Sunday of Easter,Easter,B,
2015-05-17,2015,5,17,Seventh Sunday of Easter,Easter,B,
2015-05-24,2015,5,24,Day of Pentecost,Ordinary Time,B,
2015-05-31,2015,5,31,Trinity Sunday,Ordinary Time,B,
2015-06-07,2015,6,7,Second Sunday after Pentecost Proper 5,Ordinary Time,B,5
2015-06-14,2015,6,14,Third Sunday after Pentecost Proper 6,Ordinary Time,B,6
2015-06-21,2015,6,21,Fourth Sunday after Pentecost Proper 7,Ordinary Time,B,7
2015-06-28,2015,6,28,Fifth Sunday after Pentecost Proper 8,Ordinary Time,B,8
2015-07-05,2015,7,5,Sixth Sunday after Pentecost Proper 9,Ordinary Time,B,9
2015-07-12,2015,7,12,Seventh Sunday after Pentecost Proper 10,Ordinary Time,B,10
2015-07-19,2015,7,19,Eighth Sunday after Pentecost Proper 11,Ordinary Time,B,11
2015-07-26,2015,7,26,Ninth Sunday after Pentecost Proper 12,Ordinary Time,B,12
2015-08-02,2015,8,2,Tenth Sunday after Pentecost Proper 13,Ordinary Time,B,13
2015-08-09,2015,8,9,Eleventh Sunday after Pentecost Proper 14,Ordinary Time,B,14
2015-08-16,2015,8,16,Twelfth Sunday after Pentecost Proper 15,Ordinary Time,B,15
2015-08-23,2015,8,23,Thirteenth Sunday after Pentecost Proper 16,Ordinary Time,B,16
2015-08-30,2015,8,30,Fourteenth Sunday after Pentecost Proper 17,Ordinary Time,B,17
2015-09-06,2015,9,6,Fifteenth Sunday after Pentecost Proper 18,Ordinary Time,B,18
2015-09-13,2015,9,13,Sixteenth Sunday after Pentecost Proper 19,Ordinary Time,B,19
2015-09-20,2015,9,20,Seventeenth Sunday after Pentecost Proper 20,Ordinary Time,B,20
2015-09-27,2015,9,27,Eighteenth Sunday after Pentecost Proper 21,Ordinary Time,B,21
2015-10-04,2015,10,4,Nineteenth Sunday after Pentecost Proper 22,Ordinary Time,B,22
2015-10-11,2015,10,11,Twentieth Sunday after Pentecost Proper 23,Ordinary Time,B,23
2015-10-18,2015,10,18,Twenty First Sunday after Pentecost Proper 24,Ordinary Time,B,24
2015-10-25,2015,10,25,Twenty Second Sunday after Pentecost Proper 25,Ordinary Time,B,25
2015-11-01,2015,11,1,All Saints,Special,B,
2015-11-08,2015,11,8,Twenty Fourth Sunday after Pentecost Proper 27,Ordinary Time,B,27
2015-11-15,2015,11,15,Twenty Fifth Sunday after Pentecost Proper 28,Ordinary Time,B,28
2015-11-22,2015,11,22,Christ the King,Special,B,
2015-11-29,2015,11,29,First Sunday of Advent,Advent,C,
2015-12-06,2015,12,6,Second Sunday of Advent,Advent,C,
2015-12-13,2015,12,13,Third Sunday of Advent,Advent,C,
2015-12-20,2015,12,20,Fourth Sunday of Advent,Advent,C,
2015-12-25,2015,12,25,Christmas Day,Christmas,C,
2015-12-27,2015,12,27,First Sunday after Christmas,Christmas,C,
2016-01-03,2016,1,3,"Second Sunday after Christmas ""(Note: Episcopal readings differ from the """"generic"""" RCL readings)""",Christmas,C,
2016-01-10,2016,1,10,First Sunday after the Epiphany,Epiphany,C,
2016-01-17,2016,1,17,Second Sunday after the Epiphany,Epiphany,C,
2016-01-24,2016,1,24,Third Sunday after the Epiphany,Epiphany,C,
2016-01-31,2016,1,31,Fourth Sunday after the Epiphany,Epiphany,C,
2016-02-07,2016,2,7,Last Sunday after Epiphany,Epiphany,C,
2016-02-14,2016,2,14,First Sunday in Lent,Lent,C,
2016-02-21,2016,2,21,Second Sunday in Lent,Lent,C,
2016-02-28,2016,2,28,Third Sunday in Lent,Lent,C,
2016-03-06,2016,3,6,Fourth Sunday in Lent,Lent,C,
2016-03-13,2016,3,13,Fifth Sunday in Lent,Lent,C,
2016-03-20,2016,3,20,Palm Sunday,Lent,C,
2016-03-27,2016,3,27,Easter Day Principal Evening,Easter,C,
2016-04-03,2016,4,3,Second Sunday of Easter,Easter,C,
2016-04-10,2016,4,10,Third Sunday of Easter,Easter,C,
2016-04-17,2016,4,17,Fourth Sunday of Easter,Easter,C,
2016-04-24,2016,4,24,Fifth Sunday of Easter,Easter,C,
2016-05-01,2016,5,1,Sixth Sunday of Easter,Easter,C,
2016-05-08,2016,5,8,Seventh Sunday of Easter,Easter,C,
2016-05-15,2016,5,15,Day of Pentecost,Ordinary Time,C,
2016-05-22,2016,5,22,Trinity Sunday,Ordinary Time,C,
2016-05-29,2016,5,29,Second Sunday after Pentecost Proper 4,Ordinary Time,C,4
2016-06-05,2016,6,5,Third Sunday after Pentecost Proper 5,Ordinary Time,C,5
2016-06-12,2016,6,12,Fourth Sunday after Pentecost Proper 6,Ordinary Time,C,6
2016-06-19,2016,6,19,Fifth Sunday after Pentecost Proper 7,Ordinary Time,C,7
2016-06-26,2016,6,26,Sixth Sunday after Pentecost Proper 8,Ordinary Time,C,8
2016-07-03,2016,7,3,Seventh Sunday after Pentecost Proper 9,Ordinary Time,C,9
2016-07-10,2016,7,10,Eighth Sunday after Pentecost Proper 10,Ordinary Time,C,10
2016-07-17,2016,7,17,Ninth Sunday after Pentecost Proper 11,Ordinary Time,C,11
2016-07-24,2016,7,24,Tenth Sunday after Pentecost Proper 12,Ordinary Time,C,12
2016-07-31,2016,7,31,Eleventh Sunday after Pentecost Proper 13,Ordinary Time,C,13
2016-08-07,2016,8,7,Twelfth Sunday after Pentecost Proper 14,Ordinary Time,C,14
2016-08-14,2016,8,14,Thirteenth Sunday after Pentecost Proper 15,Ordinary Time,C,15
2016-08-21,2016,8,21,Fourteenth Sunday after Pentecost Proper 16,Ordinary Time,C,16
2016-08-28,2016,8,28,Fifteenth Sunday after Pentecost Proper 17,Ordinary Time,C,17
2016-09-04,2016,9,4,Sixteenth Sunday after Pentecost Proper 18,Ordinary Time,C,18
2016-09-11,2016,9,11,Seventeenth Sunday after Pentecost Proper 19,Ordinary Time,C,19
2016-09-18,2016,9,18,Eighteenth Sunday after Pentecost Proper 20,Ordinary Time,C,20
2016-09-25,2016,9,25,Nineteenth Sunday after Pentecost Proper 21,Ordinary Time,C,21
2016-10-02,2016,10,2,Twentieth Sunday after Pentecost Proper 22,Ordinary Time,C,22
2016-10-09,2016,10,9,Twenty First Sunday after Pentecost Proper 23,Ordinary Time,C,23
2016-10-16,2016,10,16,Twenty Second Sunday after Pentecost Proper 24,Ordinary Time,C,24
2016-10-23,2016,10,23,Twenty Third Sunday after Pentecost Proper 25,Ordinary Time,C,25
2016-10-30,2016,10,30,Twenty Fourth Sunday after Pentecost Proper 26,Ordinary Time,C,26
2016-11-06,2016,11,6,"""All Saints' (see Nov 1, white)"" Twenty Fifth Sunday after Pentecost Proper 27",Ordinary Time,C,27
2016-11-13,2016,11,13,Twenty Sixth Sunday after Pentecost Proper 28,Ordinary Time,C,28
2016-11-20,2016,11,20,Christ the King,Special,C,
2016-11-27,2016,11,27,First Sunday of Advent,Advent,A,
2016-12-04,2016,12,4,Second Sunday of Advent,Advent,A,
2016-12-11,2016,12,11,Third Sunday of Advent,Advent,A,
2016-12-18,2016,12,18,Fourth Sunday of Advent,Advent,A,
2016-12-25,2016,12,25,Christmas Day Christmas I Christmas II Christmas III,Christmas,A,
2017-01-01,2017,1,1,The Holy Name,Special,A,
2017-01-08,2017,1,8,First Sunday after the Epiphany The Baptism of Our Lord,Epiphany,A,
2017-01-15,2017,1,15,Second Sunday after the Epiphany,Epiphany,A,
2017-01-22,2017,1,22,Third Sunday after the Epiphany,Epiphany,A,
2017-01-29,2017,1,29,Fourth Sunday after the Epiphany,Epiphany,A,
2017-02-05,2017,2,5,Fifth Sunday after the Epiphany,Epiphany,A,
2017-02-12,2017,2,12,Sixth Sunday after the Epiphany,Epiphany,A,
2017-02-19,2017,2,19,Seventh Sunday after the Epiphany,Epiphany,A,
2017-02-26,2017,2,26,Last Sunday after the Epiphany,Epiphany,A,
2017-03-05,2017,3,5,First Sunday in Lent,Lent,A,
2017-03-12,2017,3,12,Second Sunday in Lent,Lent,A,
2017-03-19,2017,3,19,Third Sunday in Lent,Lent,A,
2017-03-26,2017,3,26,Fourth Sunday in Lent,Lent,A,
2017-04-02,2017,4,2,Fifth Sunday in Lent,Lent,A,
2017-04-09,2017,4,9,Palm Sunday,Lent,A,
2017-04-16,2017,4,16,Easter Day Early Service Principal Service Evening Service,Easter,A,
2017-04-23,2017,4,23,Second Sunday of Easter,Easter,A,
2017-04-30,2017,4,30,Third Sunday of Easter,Easter,A,
2017-05-07,2017,5,7,Fourth Sunday of Easter,Easter,A,
2017-05-14,2017,5,14,Fifth Sunday of Easter,Easter,A,
2017-05-21,2017,5,21,Sixth Sunday of Easter,Easter,A,
2017-05-28,2017,5,28,Seventh Sunday of Easter,Easter,A,
2017-06-04,2017,6,4,Day of Pentecost,Ordinary Time,A,
2017-06-11,2017,6,11,Trinity Sunday,Ordinary Time,A,
2017-06-18,2017,6,18,Second Sunday after Pentecost Proper 6,Ordinary Time,A,6
2017-06-25,2017,6,25,Third Sunday after Pentecost Proper 7,Ordinary Time,A,7
2017-07-02,2017,7,2,Fourth Sunday after Pentecost Proper 8,Ordinary Time,A,8
2017-07-09,2017,7,9,Fifth Sunday after Pentecost Proper 9,Ordinary Time,A,9
2017-07-16,2017,7,16,Sixth Sunday after Pentecost Proper 10,Ordinary Time,A,10
2017-07-23,2017,7,23,Seventh Sunday after Pentecost Proper 11,Ordinary Time,A,11
2017-07-30,2017,7,30,Eighth Sunday after Pentecost Proper 12,Ordinary Time,A,12
2017-08-06,2017,8,6,The Transfiguration,Special,A,
2017-08-13,2017,8,13,Tenth Sunday after Pentecost Proper 14,Ordinary Time,A,14
2017-08-20,2017,8,20,Eleventh Sunday after Pentecost Proper 15,Ordinary Time,A,15
2017-08-27,2017,8,27,Twelfth Sunday after Pentecost Proper 16,Ordinary Time,A,16
2017-09-03,2017,9,3,Thirteenth Sunday after Pentecost Proper 17,Ordinary Time,A,17
2017-09-10,2017,9,10,Fourteenth Sunday after Pentecost Proper 18,Ordinary Time,A,18
2017-09-17,2017,9,17,Fifteenth Sunday after Pentecost Proper 19,Ordinary Time,A,19
2017-09-24,2017,9,24,Sixteenth Sunday after Pentecost Proper 20,Ordinary Time,A,20
2017-10-01,2017,10,1,Seventeenth Sunday after Pentecost Proper 21,Ordinary Time,A,21
2017-10-08,2017,10,8,Eighteenth Sunday after Pentecost Proper 22,Ordinary Time,A,22
2017-10-15,2017,10,15,Nineteenth Sunday after Pentecost Proper 23,Ordinary Time,A,23
2017-10-22,2017,10,22,Twentieth Sunday after Pentecost Proper 24,Ordinary Time,A,24
2017-10-29,2017,10,29,Twenty First Sunday after Pentecost Proper 25,Ordinary Time,A,25
2017-11-05,2017,11,5,"""All Saints, (white)"" Twenty Second Sunday after Pentecost Proper 26",Ordinary Time,A,26
2017-11-12,2017,11,12,Twenty Third Sunday after Pentecost Proper 27,Ordinary Time,A,27
2017-11-19,2017,11,19,Twenty Fourth Sunday after Pentecost Proper 28,Ordinary Time,A,28
2017-11-26,2017,11,26,Christ the King,Special,A,
2017-12-03,2017,12,3,First Sunday of Advent,Advent,B,
2017-12-10,2017,12,10,Second Sunday of Advent,Advent,B,
2017-12-17,2017,12,17,Third Sunday of Advent,Advent,B,
2017-12-24,2017,12,24,Fourth Sunday of Advent Christmas Eve,Advent,B,
2017-12-25,2017,12,25,Christmas Day,Christmas,B,
2017-12-31,2017,12,31,First Sunday after Christmas,Christmas,B,
2018-01-07,2018,1,7,First Sunday after the Epiphany,Epiphany,B,
2018-01-14,2018,1,14,Second Sunday after the Epiphany,Epiphany,B,
2018-01-21,2018,1,21,Third Sunday after the Epiphany,Epiphany,B,
2018-01-28,2018,1,28,Fourth Sunday after the Epiphany,Epiphany,B,
2018-02-04,2018,2,4,Fifth Sunday after the Epiphany,Epiphany,B,
2018-02-11,2018,2,11,Last Sunday after the Epiphany,Epiphany,B,
2018-02-18,2018,2,18,First Sunday in Lent,Lent,B,
2018-02-25,2018,2,25,Second Sunday in Lent,Lent,B,
2018-03-04,2018,3,4,Third Sunday in Lent,Lent,B,
2018-03-11,2018,3,11,Fourth Sunday in Lent,Lent,B,
2018-03-18,2018,3,18,Fifth Sunday in Lent,Lent,B,
2018-03-25,2018,3,25,Palm Sunday,Lent,B,
2018-04-01,2018,4,1,Easter Day Early Principal Evening,Easter,B,
2018-04-08,2018,4,8,Second Sunday of Easter,Easter,B,
2018-04-15,2018,4,15,Third Sunday of Easter,Easter,B,
2018-04-22,2018,4,22,Fourth Sunday of Easter,Easter,B,
2018-04-29,2018,4,29,Fifth Sunday of Easter,Easter,B,
2018-05-06,2018,5,6,Sixth Sunday of Easter,Easter,B,
2018-05-13,2018,5,13,Seventh Sunday of Easter,Easter,B,
2018-05-20,2018,5,20,Day of Pentecost,Ordinary Time,B,
2018-05-27,2018,5,27,Trinity Sunday,Ordinary Time,B,
2018-06-03,2018,6,3,Second Sunday after Pentecost Proper 4,Ordinary Time,B,4
2018-06-10,2018,6,10,Third Sunday after Pentecost Proper 5,Ordinary Time,B,5
2018-06-17,2018,6,17,Fourth Sunday after Pentecost Proper 6,Ordinary Time,B,6
2018-06-24,2018,6,24,Fifth Sunday after Pentecost Proper 7,Ordinary Time,B,7
2018-07-01,2018,7,1,Sixth Sunday after Pentecost Proper 8,Ordinary Time,B,8
2018-07-08,2018,7,8,Seventh Sunday after Pentecost Proper 9,Ordinary Time,B,9
2018-07-15,2018,7,15,Eighth Sunday after Pentecost Proper 10,Ordinary Time,B,10
2018-07-22,2018,7,22,Ninth Sunday after Pentecost Proper 11,Ordinary Time,B,11
2018-07-29,2018,7,29,Tenth Sunday after Pentecost Proper 12,Ordinary Time,B,12
2018-08-05,2018,8,5,Eleventh Sunday after Pentecost Proper 13,Ordinary Time,B,13
2018-08-12,2018,8,12,Twelfth Sunday after Pentecost Proper 14,Ordinary Time,B,14
2018-08-19,2018,8,19,Thirteenth Sunday after Pentecost Proper 15,Ordinary Time,B,15
2018-08-26,2018,8,26,Fourteenth Sunday after Pentecost Proper 16,Ordinary Time,B,16
2018-09-02,2018,9,2,Fifteenth Sunday after Pentecost Proper 17,Ordinary Time,B,17
2018-09-09,2018,9,9,Sixteenth Sunday after Pentecost Proper 18,Ordinary Time,B,18
2018-09-16,2018,9,16,Seventeenth Sunday after Pentecost Proper 19,Ordinary Time,B,19
2018-09-23,2018,9,23,Eighteenth Sunday after Pentecost Proper 20,Ordinary Time,B,20
2018-09-30,2018,9,30,Nineteenth Sunday after Pentecost Proper 21,Ordinary Time,B,21
2018-10-07,2018,10,7,Twentieth Sunday after Pentecost Proper 22,Ordinary Time,B,22
2018-10-14,2018,10,14,Twenty First Sunday after Pentecost Proper 23,Ordinary Time,B,23
2018-10-21,2018,10,21,Twenty Second Sunday after Pentecost Proper 24,Ordinary Time,B,24
2018-10-28,2018,10,28,Twenty Third Sunday after Pentecost Proper 25,Ordinary Time,B,25
2018-11-04,2018,11,4,Twenty Fourth Sunday after Pentecost Proper 26,Ordinary Time,B,26
2018-11-11,2018,11,11,Twenty Fifth Sunday after Pentecost Proper 27,Ordinary Time,B,27
2018-11-18,2018,11,18,Twenty Sixth Sunday after Pentecost Proper 28,Ordinary Time,B,28
2018-11-25,2018,11,25,Christ the King,Special,B,
2018-12-02,2018,12,2,First Sunday of Advent,Advent,C,
2018-12-09,2018,12,9,Second Sunday of Advent,Advent,C,
2018-12-16,2018,12,16,Third Sunday of Advent,Advent,C,
2018-12-23,2018,12,23,Fourth Sunday of Advent,Advent,C,
2018-12-30,2018,12,30,First Sunday after Christmas,Christmas,C,
2019-01-06,2019,1,6,The Epiphany,Epiphany,C,
2019-01-13,2019,1,13,First Sunday after the Epiphany,Epiphany,C,
2019-01-20,2019,1,20,Second Sunday after the Epiphany,Epiphany,C,
2019-01-27,2019,1,27,Third Sunday after the Epiphany,Epiphany,C,
2019-02-03,2019,2,3,Fourth Sunday after the Epiphany,Epiphany,C,
2019-02-10,2019,2,10,Fifth Sunday after the Epiphany,Epiphany,C,
2019-02-17,2019,2,17,Sixth Sunday after the Epiphany,Epiphany,C,
2019-02-24,2019,2,24,Seventh Sunday after the Epiphany,Epiphany,C,
2019-03-03,2019,3,3,Last Sunday after the Epiphany,Epiphany,C,
2019-03-10,2019,3,10,First Sunday in Lent,Lent,C,
2019-03-17,2019,3,17,Second Sunday in Lent,Lent,C,
2019-03-24,2019,3,24,Third Sunday in Lent,Lent,C,
2019-03-31,2019,3,31,Fourth Sunday in Lent,Lent,C,
2019-04-07,2019,4,7,Fifth Sunday in Lent,Lent,C,
2019-04-14,2019,4,14,Palm Sunday,Lent,C,
2019-04-21,2019,4,21,Easter Day Early Principal Evening,Easter,C,
2019-04-28,2019,4,28,Second Sunday of Easter,Easter,C,
2019-05-05,2019,5,5,Third Sunday of Easter,Easter,C,
2019-05-12,2019,5,12,Fourth Sunday of Easter,Easter,C,
2019-05-19,2019,5,19,Fifth Sunday of Easter,Easter,C,
2019-05-26,2019,5,26,Sixth Sunday of Easter,Easter,C,
2019-06-02,2019,6,2,Seventh Sunday of Easter,Easter,C,
2019-06-09,2019,6,9,Day of Pentecost,Ordinary Time,C,
2019-06-16,2019,6,16,Trinity Sunday,Ordinary Time,C,
2019-06-23,2019,6,23,Second Sunday after Pentecost Proper 7,Ordinary Time,C,7
2019-06-30,2019,6,30,Third Sunday after Pentecost Proper 8,Ordinary Time,C,8
2019-07-07,2019,7,7,Fourth Sunday after Pentecost Proper 9,Ordinary Time,C,9
2019-07-14,2019,7,14,Fifth Sunday after Pentecost Proper 10,Ordinary Time,C,10
2019-07-21,2019,7,21,Sixth Sunday after Pentecost Proper 11,Ordinary Time,C,11
2019-07-28,2019,7,28,Seventh Sunday after Pentecost Proper 12,Ordinary Time,C,12
2019-08-04,2019,8,4,Eighth Sunday after Pentecost Proper 13,Ordinary Time,C,13
2019-08-11,2019,8,11,Ninth Sunday after Pentecost Proper 14,Ordinary Time,C,14
2019-08-18,2019,8,18,Tenth Sunday after Pentecost Proper 15,Ordinary Time,C,15
2019-08-25,2019,8,25,Eleventh Sunday after Pentecost Proper 16,Ordinary Time,C,16
2019-09-01,2019,9,1,Twelfth Sunday after Pentecost Proper 17,Ordinary Time,C,17
2019-09-08,2019,9,8,Thirteenth Sunday after Pentecost Proper 18,Ordinary Time,C,18
2019-09-15,2019,9,15,Fourteenth Sunday after Pentecost Proper 19,Ordinary Time,C,19
2019-09-22,2019,9,22,Fifteenth Sunday after Pentecost Proper 20,Ordinary Time,C,20
2019-09-29,2019,9,29,Sixteenth Sunday after Pentecost Proper 21,Ordinary Time,C,21
2019-10-06,2019,10,6,Seventeenth Sunday after Pentecost Proper 22,Ordinary Time,C,22
2019-10-13,2019,10,13,Eighteenth Sunday after Pentecost Proper 23,Ordinary Time,C,23
2019-10-20,2019,10,20,Nineteenth Sunday after Pentecost Proper 24,Ordinary Time,C,24
2019-10-27,2019,10,27,Twentieth Sunday after Pentecost Proper 25,Ordinary Time,C,25
2019-11-03,2019,11,3,All Saints Sunday,Special,C,
2019-11-10,2019,11,10,Twenty-Second Sunday after Pentecost Proper 27,Ordinary Time,C,27
2019-11-17,2019,11,17,Twenty-Third Sunday after Pentecost Proper 28,Ordinary Time,C,28
2019-11-24,2019,11,24,Christ the King,Special,C,
2019-12-01,2019,12,1,First Sunday of Advent,Advent,A,
2019-12-08,2019,12,8,Second Sunday of Advent,Advent,A,
2019-12-15,2019,12,15,Third Sunday of Advent,Advent,A,
2019-12-22,2019,12,22,Fourth Sunday of Advent,Advent,A,
2019-12-29,2019,12,29,First Sunday after Christmas,Christmas,A,
2020-01-05,2020,1,5,Second Sunday after Christmas,Christmas,A,
2020-01-12,2020,1,12,First Sunday after the Epiphany The Baptism of Our Lord,Epiphany,A,
2020-01-19,2020,1,19,Second Sunday after the Epiphany,Epiphany,A,
2020-01-26,2020,1,26,Third Sunday after the Epiphany,Epiphany,A,
2020-02-02,2020,2,2,Presentation of Jesus in the Temple,Special,A,
2020-02-09,2020,2,9,Fifth Sunday after the Epiphany,Epiphany,A,
2020-02-16,2020,2,16,Sixth Sunday after the Epiphany,Epiphany,A,
2020-02-23,2020,2,23,Last Sunday after the Epiphany,Epiphany,A,
2020-03-01,2020,3,1,First Sunday in Lent,Lent,A,
2020-03-08,2020,3,8,Second Sunday in Lent,Lent,A,
2020-03-15,2020,3,15,Third Sunday in Lent,Lent,A,
2020-03-22,2020,3,22,Fourth Sunday in Lent,Lent,A,
2020-03-29,2020,3,29,Fifth Sunday in Lent,Lent,A,
2020-04-05,2020,4,5,Palm Sunday,Lent,A,
2020-04-12,2020,4,12,Easter Day Early Service Principal Service Evening Service,Easter,A,
2020-04-19,2020,4,19,Second Sunday of Easter,Easter,A,
2020-04-26,2020,4,26,Third Sunday of Easter,Easter,A,
2020-05-03,2020,5,3,Fourth Sunday of Easter,Easter,A,
2020-05-10,2020,5,10,Fifth Sunday of Easter,Easter,A,
2020-05-17,2020,5,17,Sixth Sunday of Easter,Easter,A,
2020-05-24,2020,5,24,Seventh Sunday of Easter,Easter,A,
2020-05-31,2020,5,31,Day of Pentecost,Ordinary Time,A,
2020-06-07,2020,6,7,Trinity Sunday,Ordinary Time,A,
2020-06-14,2020,6,14,Second Sunday after Pentecost Proper 6,Ordinary Time,A,6
2020-06-21,2020,6,21,Third Sunday after Pentecost Proper 7,Ordinary Time,A,7
2020-06-28,2020,6,28,Fourth Sunday after Pentecost Proper 8,Ordinary Time,A,8
2020-07-05,2020,7,5,Fifth Sunday after Pentecost Proper 9,Ordinary Time,A,9
2020-07-12,2020,7,12,Sixth Sunday after Pentecost Proper 10,Ordinary Time,A,10
2020-07-19,2020,7,19,Seventh Sunday after Pentecost Proper 11,Ordinary Time,A,11
2020-07-26,2020,7,26,Eighth Sunday after Pentecost Proper 12,Ordinary Time,A,12
2020-08-02,2020,8,2,Ninth Sunday after Pentecost Proper 13,Ordinary Time,A,13
2020-08-09,2020,8,9,Tenth Sunday after Pentecost Proper 14,Ordinary Time,A,14
2020-08-16,2020,8,16,Eleventh Sunday after Pentecost Proper 15,Ordinary Time,A,15
2020-08-23,2020,8,23,Twelfth Sunday after Pentecost Proper 16,Ordinary Time,A,16
2020-08-30,2020,8,30,Thirteenth Sunday after Pentecost Proper 17,Ordinary Time,A,17
2020-09-06,2020,9,6,Fourteenth Sunday after Pentecost Proper 18,Ordinary Time,A,18
2020-09-13,2020,9,13,Fifteenth Sunday after Pentecost Proper 19,Ordinary Time,A,19
2020-09-20,2020,9,20,Sixteenth Sunday after Pentecost Proper 20,Ordinary Time,A,20
2020-09-27,2020,9,27,Seventeenth Sunday after Pentecost Proper 21,Ordinary Time,A,21
2020-10-04,2020,10,4,Eighteenth Sunday after Pentecost Proper 22,Ordinary Time,A,22
2020-10-11,2020,10,11,Nineteenth Sunday after Pentecost Proper 23,Ordinary Time,A,23
2020-10-18,2020,10,18,Twentieth Sunday after Pentecost Proper 24,Ordinary Time,A,24
2020-10-25,2020,10,25,Twenty-First Sunday after Pentecost Proper 25,Ordinary Time,A,25
2020-11-01,2020,11,1,All Saints,Special,A,
2020-11-08,2020,11,8,Twenty-Third Sunday after Pentecost Proper 27,Ordinary Time,A,27
2020-11-15,2020,11,15,Twenty-Fourth Sunday after Pentecost Proper 28,Ordinary Time,A,28
2020-11-22,2020,11,22,Christ the King,Special,A,
2020-11-29,2020,11,29,First Sunday of Advent,Advent,B,
2020-12-06,2020,12,6,Second Sunday of Advent,Advent,B,
2020-12-13,2020,12,13,Third Sunday of Advent,Advent,B,
2020-12-20,2020,12,20,Fourth Sunday of Advent,Advent,B,
2020-12-27,2020,12,27,First Sunday after Christmas,Christmas,B,
2021-01-03,2021,1,3,Second Sunday after Christmas,Christmas,B,
2021-01-10,2021,1,10,First Sunday after the Epiphany,Epiphany,B,
2021-01-17,2021,1,17,Second Sunday after the Epiphany,Epiphany,B,
2021-01-24,2021,1,24,Third Sunday after the Epiphany,Epiphany,B,
2021-01-31,2021,1,31,Fourth Sunday after the Epiphany,Epiphany,B,
2021-02-07,2021,2,7,Fifth Sunday after the Epiphany,Epiphany,B,
2021-02-14,2021,2,14,Last Sunday after the Epiphany,Epiphany,B,
2021-02-21,2021,2,21,First Sunday in Lent,Lent,B,
2021-02-28,2021,2,28,Second Sunday in Lent,Lent,B,
2021-03-07,2021,3,7,Third Sunday in Lent,Lent,B,
2021-03-14,2021,3,14,Fourth Sunday in Lent,Lent,B,
2021-03-21,2021,3,21,Fifth Sunday in Lent,Lent,B,
2021-03-28,2021,3,28,Palm Sunday,Lent,B,
2021-04-04,2021,4,4,Easter Day Early Principal Evening,Easter,B,
2021-04-11,2021,4,11,Second Sunday of Easter,Easter,B,
2021-04-18,2021,4,18,Third Sunday of Easter,Easter,B,
2021-04-25,2021,4,25,Fourth Sunday of Easter,Easter,B,
2021-05-02,2021,5,2,Fifth Sunday of Easter,Easter,B,
2021-05-09,2021,5,9,Sixth Sunday of Easter,Easter,B,
2021-05-16,2021,5,16,Seventh Sunday of Easter,Easter,B,
2021-05-23,2021,5,23,Day of Pentecost,Ordinary Time,B,
2021-05-30,2021,5,30,Trinity Sunday,Ordinary Time,B,
2021-06-06,2021,6,6,Second Sunday after Pentecost Proper 5,Ordinary Time,B,5
2021-06-13,2021,6,13,Third Sunday after Pentecost Proper 6,Ordinary Time,B,6
2021-06-20,2021,6,20,Fourth Sunday after Pentecost Proper 7,Ordinary Time,B,7
2021-06-27,2021,6,27,Fifth Sunday after Pentecost Proper 8,Ordinary Time,B,8
2021-07-04,2021,7,4,Sixth Sunday after Pentecost Proper 9,Ordinary Time,B,9
2021-07-11,2021,7,11,Seventh Sunday after Pentecost Proper 10,Ordinary Time,B,10
2021-07-18,2021,7,18,Eighth Sunday after Pentecost Proper 11,Ordinary Time,B,11
2021-07-25,2021,7,25,Ninth Sunday after Pentecost Proper 12,Ordinary Time,B,12
2021-08-01,2021,8,1,Tenth Sunday after Pentecost Proper 13,Ordinary Time,B,13
2021-08-08,2021,8,8,Eleventh Sunday after Pentecost Proper 14,Ordinary Time,B,14
2021-08-15,2021,8,15,Twelfth Sunday after Pentecost Proper 15,Ordinary Time,B,15
2021-08-22,2021,8,22,Thirteenth Sunday after Pentecost Proper 16,Ordinary Time,B,16
2021-08-29,2021,8,29,Fourteenth Sunday after Pentecost Proper 17,Ordinary Time,B,17
2021-09-05,2021,9,5,Fifteenth Sunday after Pentecost Proper 18,Ordinary Time,B,18
2021-09-12,2021,9,12,Sixteenth Sunday after Pentecost Proper 19,Ordinary Time,B,19
2021-09-19,2021,9,19,Seventeenth Sunday after Pentecost Proper 20,Ordinary Time,B,20
2021-09-26,2021,9,26,Eighteenth Sunday after Pentecost Proper 21,Ordinary Time,B,21
2021-10-03,2021,10,3,Nineteenth Sunday after Pentecost Proper 22,Ordinary Time,B,22
2021-10-10,2021,10,10,Twentieth Sunday after Pentecost Proper 23,Ordinary Time,B,23
2021-10-17,2021,10,17,Twenty-First Sunday after Pentecost Proper 24,Ordinary Time,B,24
2021-10-24,2021,10,24,Twenty-Second Sunday after Pentecost Proper 25,Ordinary Time,B,25
2021-10-31,2021,10,31,Twenty-Third Sunday after Pentecost Proper26,Ordinary Time,B,
2021-11-07,2021,11,7,Twenty Fourth Sunday after Pentecost Proper 27,Ordinary Time,B,27
2021-11-14,2021,11,14,Twenty-Fifth Sunday after Pentecost Proper 28,Ordinary Time,B,28
2021-11-21,2021,11,21,Christ the King,Special,B,
2021-11-28,2021,11,28,First Sunday of Advent,Advent,C,
2021-12-05,2021,12,5,Second Sunday of Advent,Advent,C,
2021-12-12,2021,12,12,Third Sunday of Advent,Advent,C,
2021-12-19,2021,12,19,Fourth Sunday of Advent,Advent,C,
2021-12-26,2021,12,26,First Sunday after Christmas,Christmas,C,
2022-01-02,2022,1,2,"Second Sunday after Christmas ""(Note: Episcopal readings differ from the """"generic"""" RCL readings)""",Christmas,C,
2022-01-09,2022,1,9,First Sunday after the Epiphany,Epiphany,C,
2022-01-16,2022,1,16,Second Sunday after the Epiphany,Epiphany,C,
2022-01-23,2022,1,23,Third Sunday after the Epiphany,Epiphany,C,
2022-01-30,2022,1,30,Fourth Sunday after the Epiphany,Epiphany,C,
2022-02-06,2022,2,6,Fifth Sunday after the Epiphany,Epiphany,C,
2022-02-13,2022,2,13,Sixth Sunday after the Epiphany,Epiphany,C,
2022-02-20,2022,2,20,Seventh Sunday after the Epiphany,Epiphany,C,
2022-02-27,2022,2,27,Last Sunday after the Epiphany,Epiphany,C,
2022-03-06,2022,3,6,First Sunday in Lent,Lent,C,
2022-03-13,2022,3,13,Second Sunday in Lent,Lent,C,
2022-03-20,2022,3,20,Third Sunday in Lent,Lent,C,
2022-03-27,2022,3,27,Fourth Sunday in Lent,Lent,C,
2022-04-03,2022,4,3,Fifth Sunday in Lent,Lent,C,
2022-04-10,2022,4,10,Palm Sunday,Lent,C,
2022-04-17,2022,4,17,Easter Day Principal Evening,Easter,C,
2022-04-24,2022,4,24,Second Sunday of Easter,Easter,C,
2022-05-01,2022,5,1,Third Sunday of Easter,Easter,C,
2022-05-08,2022,5,8,Fourth Sunday of Easter,Easter,C,
2022-05-15,2022,5,15,Fifth Sunday of Easter,Easter,C,
2022-05-22,2022,5,22,Sixth Sunday of Easter,Easter,C,
2022-05-29,2022,5,29,Seventh Sunday of Easter,Easter,C,
2022-06-05,2022,6,5,Day of Pentecost,Ordinary Time,C,
2022-06-12,2022,6,12,Trinity Sunday,Ordinary Time,C,
2022-06-19,2022,6,19,Second Sunday after Pentecost Proper 7,Ordinary Time,C,7
2022-06-26,2022,6,26,Third Sunday after Pentecost Proper 8,Ordinary Time,C,8
2022-07-03,2022,7,3,Fourth Sunday after Pentecost Proper 9,Ordinary Time,C,9
2022-07-10,2022,7,10,Fifth Sunday after Pentecost Proper 10,Ordinary Time,C,10
2022-07-17,2022,7,17,Sixth Sunday after Pentecost Proper 11,Ordinary Time,C,11
2022-07-24,2022,7,24,Seventh Sunday after Pentecost Proper 12,Ordinary Time,C,12
2022-07-31,2022,7,31,Eighth Sunday after Pentecost Proper 13,Ordinary Time,C,13
2022-08-07,2022,8,7,Ninth Sunday after Pentecost Proper 14,Ordinary Time,C,14
2022-08-14,2022,8,14,Tenth Sunday after Pentecost Proper 15,Ordinary Time,C,15
2022-08-21,2022,8,21,Eleventh Sunday after Pentecost Proper 16,Ordinary Time,C,16
2022-08-28,2022,8,28,Twelth Sunday after Pentecost Proper 17,Ordinary Time,C,17
2022-09-04,2022,9,4,Thirteenth Sunday after Pentecost Proper 18,Ordinary Time,C,18
2022-09-11,2022,9,11,Fourteenth Sunday after Pentecost Proper 19,Ordinary Time,C,19
2022-09-18,2022,9,18,Fifteenth Sunday after Pentecost Proper 20,Ordinary Time,C,20
2022-09-25,2022,9,25,Sixteenth Sunday after Pentecost Proper 21,Ordinary Time,C,21
2022-10-02,2022,10,2,Seventeenth Sunday after Pentecost Proper 22,Ordinary Time,C,22
2022-10-09,2022,10,9,Eighteenth Sunday after Pentecost Proper 23,Ordinary Time,C,23
2022-10-16,2022,10,16,Nineteenth Sunday after Pentecost Proper 24,Ordinary Time,C,24
2022-10-23,2022,10,23,Twentieth Sunday after Pentecost Proper 25,Ordinary Time,C,25
2022-10-30,2022,10,30,Twenty-first Sunday after Pentecost Proper 26,Ordinary Time,C,26
2022-11-06,2022,11,6,"""All Saints' (see Nov 1, white)"" Twenty-second Sunday after Pentecost Proper 27",Ordinary Time,C,27
2022-11-13,2022,11,13,Twenty-third Sunday after Pentecost Proper 28,Ordinary Time,C,28
2022-11-20,2022,11,20,Christ the King Proper 29,Ordinary Time,C,29
2022-11-27,2022,11,27,First Sunday of Advent,Advent,A,
2022-12-04,2022,12,4,Second Sunday of Advent,Advent,A,
2022-12-11,2022,12,11,Third Sunday of Advent,Advent,A,
2022-12-18,2022,12,18,Fourth Sunday of Advent,Advent,A,
2022-12-25,2022,12,25,Christmas Day Christmas I Christmas II Christmas III,Christmas,A,
2023-01-01,2023,1,1,The Holy Name,Special,A,
2023-01-08,2023,1,8,First Sunday after the Epiphany The Baptism of Our Lord,Epiphany,A,
2023-01-15,2023,1,15,Second Sunday after the Epiphany,Epiphany,A,
2023-01-22,2023,1,22,Third Sunday after the Epiphany,Epiphany,A,
2023-01-29,2023,1,29,Fourth Sunday after the Epiphany,Epiphany,A,
2023-02-05,2023,2,5,Fifth Sunday after the Epiphany,Epiphany,A,
2023-02-12,2023,2,12,Sixth Sunday after the Epiphany,Epiphany,A,
2023-02-19,2023,2,19,Last Sunday after the Epiphany,Epiphany,A,
2023-02-26,2023,2,26,First Sunday in Lent,Lent,A,
2023-03-05,2023,3,5,Second Sunday in Lent,Lent,A,
2023-03-12,2023,3,12,Third Sunday in Lent,Lent,A,
2023-03-19,2023,3,19,Fourth Sunday in Lent,Lent,A,
2023-03-26,2023,3,26,Fifth Sunday in Lent,Lent,A,
2023-04-02,2023,4,2,Palm Sunday,Lent,A,
2023-04-09,2023,4,9,Easter Day Early Service Principal Service Evening Service,Easter,A,
2023-04-16,2023,4,16,Second Sunday of Easter,Easter,A,
2023-04-23,2023,4,23,Third Sunday of Easter,Easter,A,
2023-04-30,2023,4,30,Fourth Sunday of Easter,Easter,A,
2023-05-07,2023,5,7,Fifth Sunday of Easter,Easter,A,
2023-05-14,2023,5,14,Sixth Sunday of Easter,Easter,A,
2023-05-21,2023,5,21,Seventh Sunday of Easter,Easter,A,
2023-05-28,2023,5,28,Day of Pentecost,Ordinary Time,A,
2023-06-04,2023,6,4,Trinity Sunday,Ordinary Time,A,
2023-06-11,2023,6,11,Second Sunday after Pentecost Proper 5,Ordinary Time,A,5
2023-06-18,2023,6,18,Third Sunday after Pentecost Proper 6,Ordinary Time,A,6
2023-06-25,2023,6,25,Fourth Sunday after Pentecost Proper 7,Ordinary Time,A,7
2023-07-02,2023,7,2,Fifth Sunday after Pentecost Proper 8,Ordinary Time,A,8
2023-07-09,2023,7,9,Sixth Sunday after Pentecost Proper 9,Ordinary Time,A,9
2023-07-16,2023,7,16,Seventh Sunday after Pentecost Proper 10,Ordinary Time,A,10
2023-07-23,2023,7,23,Eighth Sunday after Pentecost Proper 11,Ordinary Time,A,11
2023-07-30,2023,7,30,Ninth Sunday after Pentecost Proper 12,Ordinary Time,A,12
2023-08-06,2023,8,6,The Transfiguration,Special,A,
2023-08-13,2023,8,13,Eleventh Sunday after Pentecost Proper 14,Ordinary Time,A,14
2023-08-20,2023,8,20,Twelfth Sunday after Pentecost Proper 15,Ordinary Time,A,15
2023-08-27,2023,8,27,Thirteenth Sunday after Pentecost Proper 16,Ordinary Time,A,16
2023-09-03,2023,9,3,Fourteenth Sunday after Pentecost Proper 17,Ordinary Time,A,17
2023-09-10,2023,9,10,Fifteenth Sunday after Pentecost Proper 18,Ordinary Time,A,18
2023-09-17,2023,9,17,Sixteenth Sunday after Pentecost Proper 19,Ordinary Time,A,19
2023-09-24,2023,9,24,Seventeenth Sunday after Pentecost Proper 20,Ordinary Time,A,20
2023-10-01,2023,10,1,Eighteenth Sunday after Pentecost Proper 21,Ordinary Time,A,21
2023-10-08,2023,10,8,Nineteenth Sunday after Pentecost Proper 22,Ordinary Time,A,22
2023-10-15,2023,10,15,Twentieth Sunday after Pentecost Proper 23,Ordinary Time,A,23
2023-10-22,2023,10,22,Twenty-First Sunday after Pentecost Proper 24,Ordinary Time,A,24
2023-10-29,2023,10,29,Twenty-Second Sunday after Pentecost Proper 25,Ordinary Time,A,25
2023-11-05,2023,11,5,"""All Saints, (white)"" Twenty-Third Sunday after Pentecost Proper 26",Ordinary Time,A,26
2023-11-12,2023,11,12,Twenty-Fourth Sunday after Pentecost Proper 27,Ordinary Time,A,27
2023-11-19,2023,11,19,Twenty-Fifth Sunday after Pentecost Proper 28,Ordinary Time,A,28
2023-11-26,2023,11,26,Christ the King,Special,A,
2023-12-03,2023,12,3,First Sunday of Advent,Advent,B,
2023-12-10,2023,12,10,Second Sunday of Advent,Advent,B,
2023-12-17,2023,12,17,Third Sunday of Advent,Advent,B,
2023-12-24,2023,12,24,Fourth Sunday of Advent Christmas Eve,Advent,B,
2023-12-31,2023,12,31,First Sunday after Christmas,Christmas,B,
2024-01-07,2024,1,7,First Sunday after the Epiphany,Epiphany,B,
2024-01-14,2024,1,14,Second Sunday after the Epiphany,Epiphany,B,
2024-01-21,2024,1,21,Third Sunday after the Epiphany,Epiphany,B,
2024-01-28,2024,1,28,Fourth Sunday after the Epiphany,Epiphany,B,
2024-02-04,2024,2,4,Fifth Sunday after the Epiphany,Epiphany,B,
2024-02-11,2024,2,11,Last Sunday after the Epiphany,Epiphany,B,
2024-02-18,2024,2,18,First Sunday in Lent,Lent,B,
2024-02-25,2024,2,25,Second Sunday in Lent,Lent,B,
2024-03-03,2024,3,3,Third Sunday in Lent,Lent,B,
2024-03-10,2024,3,10,Fourth Sunday in Lent,Lent,B,
2024-03-17,2024,3,17,Fifth Sunday in Lent,Lent,B,
2024-03-24,2024,3,24,Palm Sunday,Lent,B,
2024-03-31,2024,3,31,Easter Day Early Principal Evening,Easter,B,
2024-04-07,2024,4,7,Second Sunday of Easter,Easter,B,
2024-04-14,2024,4,14,Third Sunday of Easter,Easter,B,
2024-04-21,2024,4,21,Fourth Sunday of Easter,Easter,B,
2024-04-28,2024,4,28,Fifth Sunday of Easter,Easter,B,
2024-05-05,2024,5,5,Sixth Sunday of Easter,Easter,B,
2024-05-12,2024,5,12,Seventh Sunday of Easter,Easter,B,
2024-05-19,2024,5,19,Day of Pentecost,Ordinary Time,B,
2024-05-26,2024,5,26,Trinity Sunday,Ordinary Time,B,
2024-06-02,2024,6,2,Second Sunday after Pentecost Proper 4,Ordinary Time,B,4
2024-06-09,2024,6,9,Third Sunday after Pentecost Proper 5,Ordinary Time,B,5
2024-06-16,2024,6,16,Fourth Sunday after Pentecost Proper 6,Ordinary Time,B,6
2024-06-23,2024,6,23,Fifth Sunday after Pentecost Proper 7,Ordinary Time,B,7
2024-06-30,2024,6,30,Sixth Sunday after Pentecost Proper 8,Ordinary Time,B,8
2024-07-07,2024,7,7,Seventh Sunday after Pentecost Proper 9,Ordinary Time,B,9
2024-07-14,2024,7,14,Eighth Sunday after Pentecost Proper 10,Ordinary Time,B,10
2024-07-21,2024,7,21,Ninth Sunday after Pentecost Proper 11,Ordinary Time,B,11
2024-07-28,2024,7,28,Tenth Sunday after Pentecost Proper 12,Ordinary Time,B,12
2024-08-04,2024,8,4,Eleventh Sunday after Pentecost Proper 13,Ordinary Time,B,13
2024-08-11,2024,8,11,Twelfth Sunday after Pentecost Proper 14,Ordinary Time,B,14
2024-08-18,2024,8,18,Thirteenth Sunday after Pentecost Proper 15,Ordinary Time,B,15
2024-08-25,2024,8,25,Fourteenth Sunday after Pentecost Proper 16,Ordinary Time,B,16
2024-09-01,2024,9,1,Fifteenth Sunday after Pentecost Proper 17,Ordinary Time,B,17
2024-09-08,2024,9,8,Sixteenth Sunday after Pentecost Proper 18,Ordinary Time,B,18
2024-09-15,2024,9,15,Seventeenth Sunday after Pentecost Proper 19,Ordinary Time,B,19
2024-09-22,2024,9,22,Eighteenth Sunday after Pentecost Proper 20,Ordinary Time,B,20
2024-09-29,2024,9,29,Nineteenth Sunday after Pentecost Proper 21,Ordinary Time,B,21
2024-10-06,2024,10,6,Twentieth Sunday after Pentecost Proper 22,Ordinary Time,B,22
2024-10-13,2024,10,13,Twenty-First Sunday after Pentecost Proper 23,Ordinary Time,B,23
2024-10-20,2024,10,20,Twenty-Second Sunday after Pentecost Proper 24,Ordinary Time,B,24
2024-10-27,2024,10,27,Twenty-Third Sunday after Pentecost Proper 25,Ordinary Time,B,25
2024-11-03,2024,11,3,Twenty Fourth Sunday after Pentecost Proper 26,Ordinary Time,B,26
2024-11-10,2024,11,10,Twenty-Fifth Sunday after Pentecost Proper 27,Ordinary Time,B,27
2024-11-17,2024,11,17,Twenty-Sixth Sunday after Pentecost Proper 28,Ordinary Time,B,28
2024-11-24,2024,11,24,Christ the King,Special,B,
2024-12-01,2024,12,1,First Sunday of Advent,Advent,C,
2024-12-08,2024,12,8,Second Sunday of Advent,Advent,C,
2024-12-15,2024,12,15,Third Sunday of Advent,Advent,C,
2024-12-22,2024,12,22,Fourth Sunday of Advent,Advent,C,
2024-12-29,2024,12,29,First Sunday after Christmas Day,Christmas,C,
