date,issues,title,occasion,readings
2011-12-25,EMPTY_READINGS,Out of the Darkness,"Christmas Day Christmas I Christmas II Christmas III, Year A • Christmas",
2013-12-01,OCCASION_IN_READINGS,Be Ready,"First Sunday of Advent, Year A • Advent","Advent 1, Year A"
2013-12-08,OCCASION_IN_READINGS,Prepare the Way,"Second Sunday of Advent, Year A • Advent","Advent 2, Year A"
2013-12-15,OCCASION_IN_READINGS,A Day of Rejoicing,"Third Sunday of Advent, Year A • Advent","Advent 3, Year A"
2013-12-22,OCCASION_IN_READINGS,Signs of God’s Presence,"Fourth Sunday of Advent, Year A • Advent","Advent 4, Year A"
2014-01-05,OCCASION_IN_READINGS,Divine Life,"Second Sunday after Christmas, Year A • Christmas","Christmas 2, Year A"
2014-01-12,OCCASION_IN_READINGS,The Blessing of Peace,"First Sunday after the Epiphany, Year A • Epiphany","Epiphany 1, Year A"
2014-01-19,OCCASION_IN_READINGS,Lamb of God,"Second Sunday after the Epiphany, Year A • Epiphany","Epiphany 2, Year A"
2014-01-26,OCCASION_IN_READINGS,Divisions,"Third Sunday after the Epiphany, Year A • Epiphany","Epiphany 3, Year A"
2014-02-09,OCCASION_IN_READINGS,“Here I Am”,"Fifth Sunday after the Epiphany, Year A • Epiphany","Epiphany 5, Year A"
2014-02-16,OCCASION_IN_READINGS,Growth,"Sixth Sunday after the Epiphany, Year A • Epiphany","Epiphany 6, Year A"
2014-02-23,OCCASION_IN_READINGS,God’s Temple,"Seventh Sunday after the Epiphany, Year A • Epiphany","Epiphany 7, Year A"
2014-03-02,EMPTY_READINGS,Touch,"Last Sunday after Epiphany, Year A • Epiphany",
2014-03-09,OCCASION_IN_READINGS,Abundance of Grace,"First Sunday in Lent, Year A • Lent","Lent 1, Year A"
2014-03-16,OCCASION_IN_READINGS,Trust,"Second Sunday in Lent, Year A • Lent","Lent 2, Year A"
2014-03-23,OCCASION_IN_READINGS,Hearken to God’s Voice,"Third Sunday in Lent, Year A • Lent","Lent 3, Year A"
2014-04-06,OCCASION_IN_READINGS,“Come Out”,"Fifth Sunday in Lent, Year A • Lent","Lent 5, Year A"
2014-06-22,OCCASION_IN_READINGS,Newness of Life—Loving-Kindness,"Second Sunday after Pentecost Proper 7, Year A • Ordinary Time","Proper7, Year A"
2014-10-19,UNKNOWN_IN_READINGS,"Pause and Pray the Collect for Today (BCP, P.235)","Nineteenth Sunday after Pentecost Proper 24, Year A • Ordinary Time",PERSEVERE WITH STEADFAST FAITH
2014-11-30,OCCASION_IN_READINGS,The Waiting Season,"First Sunday of Advent, Year B • Advent","Advent 1, Year B"
2014-12-14,OCCASION_IN_READINGS,Among You,"Third Sunday of Advent, Year B • Advent","Advent 3, Year B"
2014-12-21,OCCASION_IN_READINGS,God’s Favor,"Fourth Sunday of Advent, Year B • Advent","Advent 4, Year B"
2014-12-28,OCCASION_IN_READINGS,Enkindled,"First Sunday after Christmas, Year A • Christmas","The First Sunday after Christmas, Year B"
2015-01-04,OCCASION_IN_READINGS,The Eyes of Your Heart,"Second Sunday after Christmas ""(Note: Episcopal readings differ from the """"generic"""" RCL readings)"", Year B • Christmas","The Second Sunday after Christmas, Year B"
2015-03-29,LITURGY_IN_READINGS,Blessed,"Palm Sunday, Year B • Lent",Liturgy of the Palms
2016-01-03,OCCASION_IN_READINGS,The Goodness of the Lord,"Second Sunday after Christmas ""(Note: Episcopal readings differ from the """"generic"""" RCL readings)"", Year C • Christmas",The Second Sunday after Christmas
2016-01-10,OCCASION_IN_READINGS,Listen to the Voice of the Lord,"First Sunday after the Epiphany, Year C • Epiphany","The First Sunday after the Epiphany, Year C"
2016-02-07,OCCASION_IN_READINGS,Transformation,"Last Sunday after Epiphany, Year C • Epiphany","The Last Sunday after the Epiphany, Year C"
2016-02-21,OCCASION_IN_READINGS,Willing?,"Second Sunday in Lent, Year C • Lent","The Second Sunday in Lent, Year C"
2016-02-28,OCCASION_IN_READINGS,Holy Ground,"Third Sunday in Lent, Year C • Lent","The Third Sunday in Lent, Year C"
2016-03-06,OCCASION_IN_READINGS,Grumbling,"Fourth Sunday in Lent, Year C • Lent","The Fourth Sunday in lent, Year C"
2016-03-13,OCCASION_IN_READINGS,A New Thing,"Fifth Sunday in Lent, Year C • Lent","The Fifth Sunday in Lent, Year C"
2016-03-20,OCCASION_IN_READINGS,“The Lord Needs It”,"Palm Sunday, Year C • Lent","Palm Sunday, The Sunday of the Passion, Year C"
2016-03-27,OCCASION_IN_READINGS,The First Day,"Easter Day Principal Evening, Year C • Easter","Easter Day, Year C"
2016-04-03,OCCASION_IN_READINGS,My Lord and My God,"Second Sunday of Easter, Year C • Easter","The Second Sunday of Easter, Year C"
2016-04-10,OCCASION_IN_READINGS,My Lord and My God,"Third Sunday of Easter, Year C • Easter","The Second Sunday of Easter, Year C"
2016-04-17,OCCASION_IN_READINGS,One,"Fourth Sunday of Easter, Year C • Easter","The Fourth Sunday of Easter, Year C"
2016-04-24,OCCASION_IN_READINGS,Thirsty?,"Fifth Sunday of Easter, Year C • Easter","The Fifth Sunday of Easter, Year C"
2016-05-01,OCCASION_IN_READINGS,"Questions, Questions, Questions","Sixth Sunday of Easter, Year C • Easter","The Sixth Sunday of Easter, Year C"
2016-05-08,OCCASION_IN_READINGS,Unfastened,"Seventh Sunday of Easter, Year C • Easter","The Seventh Sunday of Easter, Year C"
2016-05-15,EMPTY_READINGS,"Bewildered, Amazed and Astonished","Day of Pentecost, Year C • Ordinary Time",
2016-05-22,OCCASION_IN_READINGS,Testimony,"Trinity Sunday, Year C • Ordinary Time","Trinity Sunday, Year C"
2016-05-29,OCCASION_IN_READINGS,Hurtful? Profitable?,"Second Sunday after Pentecost Proper 4, Year C • Ordinary Time","Proper 4, Year C"
2016-06-12,OCCASION_IN_READINGS,Many Others,"Fourth Sunday after Pentecost Proper 6, Year C • Ordinary Time","Proper 6, Year C"
2016-06-19,OCCASION_IN_READINGS,Athirst for God,"Fifth Sunday after Pentecost Proper 7, Year C • Ordinary Time","Proper 7, Year C"
2016-06-26,OCCASION_IN_READINGS,Lost?,"Sixth Sunday after Pentecost Proper 8, Year C • Ordinary Time","Proper 8, Year C"
2016-07-03,OCCASION_IN_READINGS,Trust,"Seventh Sunday after Pentecost Proper 9, Year C • Ordinary Time","Proper 9, Year C"
2016-07-10,OCCASION_IN_READINGS,The Plumb Line,"Eighth Sunday after Pentecost Proper 10, Year C • Ordinary Time","Proper 10, Year C"
2016-07-24,OCCASION_IN_READINGS,Rooted,"Tenth Sunday after Pentecost Proper 12, Year C • Ordinary Time","Proper 12, Year C"
2016-07-31,OCCASION_IN_READINGS,Is It Okay to Call God Mother?,"Eleventh Sunday after Pentecost Proper 13, Year C • Ordinary Time","Proper 13, Year C"
2016-08-07,OCCASION_IN_READINGS,Open the Door,"Twelfth Sunday after Pentecost Proper 14, Year C • Ordinary Time","Proper 14, Year C"
2016-08-14,EMPTY_READINGS,The Present Time,"Thirteenth Sunday after Pentecost Proper 15, Year C • Ordinary Time",
2016-08-21,OCCASION_IN_READINGS,Set Free,"Fourteenth Sunday after Pentecost Proper 16, Year C • Ordinary Time","Proper 16, Year C"
2016-09-04,OCCASION_IN_READINGS,The Potter and the Clay,"Sixteenth Sunday after Pentecost Proper 18, Year C • Ordinary Time","Proper 18, Year C"
2016-09-11,OCCASION_IN_READINGS,Grumbling,"Seventeenth Sunday after Pentecost Proper 19, Year C • Ordinary Time","Proper 19, Year C"
2016-09-18,OCCASION_IN_READINGS,The Only Response,"Eighteenth Sunday after Pentecost Proper 20, Year C • Ordinary Time","Proper 20, Year C"
2016-09-25,OCCASION_IN_READINGS,At the Right Time,"Nineteenth Sunday after Pentecost Proper 21, Year C • Ordinary Time","Proper 21, Year C"
2016-10-02,OCCASION_IN_READINGS,The Good Treasure,"Twentieth Sunday after Pentecost Proper 22, Year C • Ordinary Time","Proper 22, Year C"
2016-10-09,OCCASION_IN_READINGS,Unchained,"Twenty First Sunday after Pentecost Proper 23, Year C • Ordinary Time","Proper 23, Year C"
2016-10-16,OCCASION_IN_READINGS,Favorable or Unfavorable,"Twenty Second Sunday after Pentecost Proper 24, Year C • Ordinary Time","Proper 24, Year C"
2016-10-23,OCCASION_IN_READINGS,The Jesus Prayer,"Twenty Third Sunday after Pentecost Proper 25, Year C • Ordinary Time","Proper 25, Year C"
2016-10-30,OCCASION_IN_READINGS,Our Role Model?,"Twenty Fourth Sunday after Pentecost Proper 26, Year C • Ordinary Time","Proper 26, Year C"
2016-11-06,OCCASION_IN_READINGS,What Comes Next?,"""All Saints' (see Nov 1, white)"" Twenty Fifth Sunday after Pentecost Proper 27, Year C • Ordinary Time","Proper 27, Year C"
2016-11-13,OCCASION_IN_READINGS,Weary?,"Twenty Sixth Sunday after Pentecost Proper 28, Year C • Ordinary Time","Proper 28, Year C"
2016-11-20,OCCASION_IN_READINGS,The Image of God,"Christ the King, Year C • Special","Proper 29, Year C"
2016-11-27,OCCASION_IN_READINGS,Awake,"First Sunday of Advent, Year A • Advent","The First Sunday in Advent, Year A"
2016-12-04,OCCASION_IN_READINGS,Abound in Hope,"Second Sunday of Advent, Year A • Advent","The Second Sunday in Advent, Year A"
2016-12-11,OCCASION_IN_READINGS,The Holy Way,"Third Sunday of Advent, Year A • Advent","The Third Sunday of Advent, Year A"
2016-12-18,OCCASION_IN_READINGS,An Angel of the Lord,"Fourth Sunday of Advent, Year A • Advent","The Fourth Sunday of Advent, Year A"
2016-12-25,OCCASION_IN_READINGS,Encounter,"Christmas Day Christmas I Christmas II Christmas III, Year C • Christmas","Christmas Day, Proper 1"
2017-01-01,UNKNOWN_IN_READINGS,The Aaronic Blessing,"The Holy Name, Year A • Special",The Holy Name of our Lord Jesus Christ
2017-01-08,OCCASION_IN_READINGS,Anointed at Baptism,"First Sunday after the Epiphany The Baptism of Our Lord, Year A • Epiphany","First Sunday after the Epiphany, Year A"
2017-01-15,OCCASION_IN_READINGS,Faithful,"Second Sunday after the Epiphany, Year A • Epiphany","The Second Sunday after the Epiphany, Year A"
2017-01-22,OCCASION_IN_READINGS,Proclamation,"Third Sunday after the Epiphany, Year A • Epiphany","The Third Sunday after the Epiphany, Year A"
2017-01-29,OCCASION_IN_READINGS,Upside-Down,"Fourth Sunday after the Epiphany, Year A • Epiphany","The Fourth Sunday after Epiphany, Year A"
2017-02-05,OCCASION_IN_READINGS,Here I Am,"Fifth Sunday after the Epiphany, Year A • Epiphany","The Fifth Sunday after Epiphany, Year A"
2017-02-12,OCCASION_IN_READINGS,God’s Field,"Sixth Sunday after the Epiphany, Year A • Epiphany","The Sixth Sunday after Epiphany, Year A"
2017-02-19,OCCASION_IN_READINGS,Perfect,"Seventh Sunday after the Epiphany, Year A • Epiphany","The Seventh Sunday after the Epiphany, Year A"
2017-02-26,OCCASION_IN_READINGS,Response,"Last Sunday after the Epiphany, Year A • Epiphany","The Last Sunday after the Epiphany, Year A"
2017-03-05,OCCASION_IN_READINGS,Naked,"First Sunday in Lent, Year A • Lent","The First Sunday in Lent, Year A"
2017-03-12,OCCASION_IN_READINGS,Darkness,"Second Sunday in Lent, Year A • Lent","The Second Sunday in Lent, Year A"
2017-03-19,OCCASION_IN_READINGS,The Water Jar,"Third Sunday in Lent, Year A • Lent","The Third Sunday in Lent, Year A"
2017-03-26,OCCASION_IN_READINGS,Divided,"Fourth Sunday in Lent, Year A • Lent","The Fourth Sunday in Lent, Year A"
2017-04-02,OCCASION_IN_READINGS,A Rattling Noise,"Fifth Sunday in Lent, Year A • Lent","The Fifth Sunday in Lent, Year A"
2017-04-09,OCCASION_IN_READINGS,Sealing the Stone,"Palm Sunday, Year A • Lent","The Sunday of the Passion: Palm Sunday, Year A"
2017-04-16,OCCASION_IN_READINGS,Alleluia!,"Easter Day Early Service Principal Service Evening Service, Year A • Easter","Easter Day, Year A"
2017-04-23,OCCASION_IN_READINGS,Witnesses,"Second Sunday of Easter, Year A • Easter","The Second Sunday of Easter, Year A"
2017-04-30,OCCASION_IN_READINGS,The Living and Endurng Word of God,"Third Sunday of Easter, Year A • Easter","The Third Sunday of Easter, Year A"
2017-05-07,OCCASION_IN_READINGS,Abundant Life,"Fourth Sunday of Easter, Year A • Easter",The Fourth Sunday of Easter Year A
2017-05-14,OCCASION_IN_READINGS,Look!,"Fifth Sunday of Easter, Year A • Easter","The Fifth Sunday of Easter, Year A"
2017-05-28,OCCASION_IN_READINGS,The God of All Grace,"Seventh Sunday of Easter, Year A • Easter","The Seventh Sunday of Easter, Year A"
2017-06-04,EMPTY_READINGS,The Manifestation of the Spirit,"Day of Pentecost, Year A • Ordinary Time",
2017-06-11,OCCASION_IN_READINGS,Experiencing the Trinity,"Trinity Sunday, Year A • Ordinary Time","Trinity Sunday, Year A"
2017-06-18,OCCASION_IN_READINGS,Reminders,"Second Sunday after Pentecost Proper 6, Year A • Ordinary Time","Proper 6, Year A"
2017-06-25,OCCASION_IN_READINGS,Newness of Life,"Third Sunday after Pentecost Proper 7, Year A • Ordinary Time","Proper 7, Year A"
2017-07-02,EMPTY_READINGS,Present Yourselves to God,"Fourth Sunday after Pentecost Proper 8, Year A • Ordinary Time",
2017-07-09,OCCASION_IN_READINGS,Rest,"Fifth Sunday after Pentecost Proper 9, Year A • Ordinary Time","Proper 9, Year A"
2017-07-30,OCCASION_IN_READINGS,Treasure Hunting?,"Eighth Sunday after Pentecost Proper 12, Year A • Ordinary Time","Proper 12, Year A"
2017-08-06,EMPTY_READINGS,The Holy Mount,"The Transfiguration, Year A • Special",
2017-08-13,OCCASION_IN_READINGS,Take Heart,"Tenth Sunday after Pentecost Proper 14, Year A • Ordinary Time","Proper 14, Year A"
2017-08-20,OCCASION_IN_READINGS,But God,"Eleventh Sunday after Pentecost Proper 15, Year A • Ordinary Time","Proper 15, Year A"
2017-08-27,OCCASION_IN_READINGS,Unity in Love,"Twelfth Sunday after Pentecost Proper 16, Year A • Ordinary Time","Proper 16, Year A"
2017-09-03,OCCASION_IN_READINGS,Holy Ground,"Thirteenth Sunday after Pentecost Proper 17, Year A • Ordinary Time","Proper 17, Year A"
2017-09-10,OCCASION_IN_READINGS,Measurement?,"Fourteenth Sunday after Pentecost Proper 18, Year A • Ordinary Time","Proper 18, Year A"
2017-09-17,OCCASION_IN_READINGS,The Skipping of Creation,"Fifteenth Sunday after Pentecost Proper 19, Year A • Ordinary Time","Proper 19, Year A"
2017-09-24,OCCASION_IN_READINGS,The Gifting Circle,"Sixteenth Sunday after Pentecost Proper 20, Year A • Ordinary Time","Proper 20, Year A"
2017-10-08,OCCASION_IN_READINGS,Words from the Heart,"Eighteenth Sunday after Pentecost Proper 22, Year A • Ordinary Time","Proper 22, Year A"
2017-10-15,OCCASION_IN_READINGS,Stiff-Necked People,"Nineteenth Sunday after Pentecost Proper 23, Year A • Ordinary Time","Proper 23, Year A"
2017-10-22,OCCASION_IN_READINGS,Glimpses of God,"Twentieth Sunday after Pentecost Proper 24, Year A • Ordinary Time","Proper 24, Year A"
2017-10-29,OCCASION_IN_READINGS,Face to Face,"Twenty First Sunday after Pentecost Proper 25, Year A • Ordinary Time","Proper 25, Year A"
2017-11-05,OCCASION_IN_READINGS,Contrast,"""All Saints, (white)"" Twenty Second Sunday after Pentecost Proper 26, Year A • Ordinary Time","Proper 26, Year A"
2017-11-12,OCCASION_IN_READINGS,Ready,"Twenty Third Sunday after Pentecost Proper 27, Year A • Ordinary Time","Proper 27, Year A"
2017-11-26,OCCASION_IN_READINGS,The King of Love,"Christ the King, Year A • Special","Proper 29, Year A"
2017-12-03,OCCASION_IN_READINGS,The Work of God’s Hand,"First Sunday of Advent, Year B • Advent","The First Sunday of Advent, Year B"
2017-12-10,OCCASION_IN_READINGS,"Peace, the Pathway of Love","Second Sunday of Advent, Year B • Advent","The Second Sunday of Advent, Year B"
2017-12-17,OCCASION_IN_READINGS,"The Calls of God, Then and Now","Third Sunday of Advent, Year B • Advent","The Third Sunday of Advent, Year B"
2017-12-25,EMPTY_READINGS,Out of the Darkness,"Christmas Day, Year B • Christmas",
2017-12-31,OCCASION_IN_READINGS,I Will Not Keep Silent,"First Sunday after Christmas, Year A • Christmas","The First Sunday after Christmas, Year B"
2018-01-07,OCCASION_IN_READINGS,Look Around!,"First Sunday after the Epiphany, Year B • Epiphany",The Epiphany
2018-01-14,OCCASION_IN_READINGS,The Light of the World,"Second Sunday after the Epiphany, Year B • Epiphany","The Second Sunday after the Epiphany, Year B"
2018-01-21,OCCASION_IN_READINGS,Get Up,"Third Sunday after the Epiphany, Year B • Epiphany","The Third Sunday after Epiphany, Year B"
2018-01-28,OCCASION_IN_READINGS,Gracious and Full of Compassion,"Fourth Sunday after the Epiphany, Year B • Epiphany","The Fourth Sunday after Epiphany, Year B"
2018-02-04,OCCASION_IN_READINGS,A Deserted Place,"Fifth Sunday after the Epiphany, Year B • Epiphany","The Fifth Sunday after Epiphany, Year B"
2018-02-11,OCCASION_IN_READINGS,Here,"Last Sunday after the Epiphany, Year B • Epiphany","The Last Sunday after Epiphany, Year B"
2018-02-18,OCCASION_IN_READINGS,Wilderness,"First Sunday in Lent, Year B • Lent","The First Sunday in Lent, Year B"
2018-02-25,OCCASION_IN_READINGS,Unchangeable Truth,"Second Sunday in Lent, Year B • Lent","The Second Sunday in Lent, Year B"
2018-03-04,OCCASION_IN_READINGS,Idols,"Third Sunday in Lent, Year B • Lent","The Third Sunday in Lent, Year B"
2018-03-11,OCCASION_IN_READINGS,Grace,"Fourth Sunday in Lent, Year B • Lent","The Fourth Sunday in Lent, Year B"
2018-03-18,OCCASION_IN_READINGS,Reverent Submission,"Fifth Sunday in Lent, Year B • Lent","The Fifth Sunday in Lent, Year B"
2018-03-25,OCCASION_IN_READINGS,"Turning from, Turning to","Palm Sunday, Year B • Lent","Palm Sunday, Year B"
2018-04-01,EMPTY_READINGS,The Lord’s Doing,"Easter Day Early Principal Evening, Year B • Easter",
2018-04-08,OCCASION_IN_READINGS,God Meets Us Where We Are,"Second Sunday of Easter, Year B • Easter","The Second Sunday of Easter, Year B"
2018-04-15,OCCASION_IN_READINGS,Open Our Eyes,"Third Sunday of Easter, Year B • Easter","The Third Sunday of Easter, Year B"
2018-04-29,OCCASION_IN_READINGS,Rejoicing,"Fifth Sunday of Easter, Year B • Easter","The Fifth Sunday of Easter, Year B"
2018-05-06,OCCASION_IN_READINGS,Chosen,"Sixth Sunday of Easter, Year B • Easter","The Sixth Sunday of Easter, Year B"
2018-05-13,OCCASION_IN_READINGS,Source and Destination,"Seventh Sunday of Easter, Year B • Easter","The Seventh Sunday of Easter, Year B"
2018-05-20,EMPTY_READINGS,Amazed and Perplexed,"Day of Pentecost, Year B • Ordinary Time",
2018-05-27,OCCASION_IN_READINGS,"Giving and Receiving: Love, the Lover, and the Beloved","Trinity Sunday, Year B • Ordinary Time","Trinity Sunday, Year B"
2018-06-03,OCCASION_IN_READINGS,Listening,"Second Sunday after Pentecost Proper 4, Year B • Ordinary Time","Proper 4, Year B"
2018-06-10,OCCASION_IN_READINGS,Purpose,"Third Sunday after Pentecost Proper 5, Year B • Ordinary Time","Proper 5, Year B"
2018-06-17,OCCASION_IN_READINGS,Look on the Heart,"Fourth Sunday after Pentecost Proper 6, Year B • Ordinary Time","Proper 6, Year B"
2018-06-24,OCCASION_IN_READINGS,Open Wide Your Hearts,"Fifth Sunday after Pentecost Proper 7, Year B • Ordinary Time","Proper 7, Year B"
2018-07-01,OCCASION_IN_READINGS,By the Hand,"Sixth Sunday after Pentecost Proper 8, Year B • Ordinary Time","Proper 8, Year B"
2018-07-08,OCCASION_IN_READINGS,Mountain Tops and Valleys,"Seventh Sunday after Pentecost Proper 9, Year B • Ordinary Time","Proper 9, Year B"
2018-07-15,OCCASION_IN_READINGS,Leaping and Dancing,"Eighth Sunday after Pentecost Proper 10, Year B • Ordinary Time","Proper 10, Year B"
2018-07-22,OCCASION_IN_READINGS,The Dividing Wall,"Ninth Sunday after Pentecost Proper 11, Year B • Ordinary Time","Proper 11, Year B"
2018-07-29,OCCASION_IN_READINGS,Do Not Be Afraid,"Tenth Sunday after Pentecost Proper 12, Year B • Ordinary Time","Proper 12, Year B"
2018-08-05,OCCASION_IN_READINGS,Looking,"Eleventh Sunday after Pentecost Proper 13, Year B • Ordinary Time","Proper 13, Year B"
2018-08-12,OCCASION_IN_READINGS,Manna,"Twelfth Sunday after Pentecost Proper 14, Year B • Ordinary Time","Proper 14, Year B"
2018-08-26,OCCASION_IN_READINGS,The Beastplate of Righteousness,"Fourteenth Sunday after Pentecost Proper 16, Year B • Ordinary Time","Proper 16, Year B"
2018-09-02,OCCASION_IN_READINGS,Come Away,"Fifteenth Sunday after Pentecost Proper 17, Year B • Ordinary Time","Proper 17, Year B"
2018-09-09,OCCASION_IN_READINGS,Ephphatha! Be Opened!,"Sixteenth Sunday after Pentecost Proper 18, Year B • Ordinary Time","Proper 18, Year B"
2018-09-16,OCCASION_IN_READINGS,Divine Things – Human Things,"Seventeenth Sunday after Pentecost Proper 19, Year B • Ordinary Time","Proper 19, Year B"
2018-09-23,OCCASION_IN_READINGS,Draw Near,"Eighteenth Sunday after Pentecost Proper 20, Year B • Ordinary Time","Proper 20, Year B"
2018-09-30,OCCASION_IN_READINGS,Celebration,"Nineteenth Sunday after Pentecost Proper 21, Year B • Ordinary Time","Proper 21, Year B"
2018-10-07,OCCASION_IN_READINGS,Imprint,"Twentieth Sunday after Pentecost Proper 22, Year B • Ordinary Time","Proper 22, Year B"
2018-10-14,OCCASION_IN_READINGS,Intentions of the Heart,"Twenty First Sunday after Pentecost Proper 23, Year B • Ordinary Time","Proper 23, Year B"
2018-10-28,OCCASION_IN_READINGS,Encounters,"Twenty Third Sunday after Pentecost Proper 25, Year B • Ordinary Time","Proper 25, Year B"
2018-11-04,OCCASION_IN_READINGS,Oneness,"Twenty Fourth Sunday after Pentecost Proper 26, Year B • Ordinary Time","Proper 26, Year B"
2018-11-11,OCCASION_IN_READINGS,Everything,"Twenty Fifth Sunday after Pentecost Proper 27, Year B • Ordinary Time","Proper 27, Year B"
2018-11-18,OCCASION_IN_READINGS,The New and Living Way,"Twenty Sixth Sunday after Pentecost Proper 28, Year B • Ordinary Time","Proper 28, Year B"
2018-11-25,OCCASION_IN_READINGS,The Alpha and the Omega,"Christ the King, Year B • Special","Proper 29, Year B"
2018-12-02,OCCASION_IN_READINGS,Abound in Love,"First Sunday of Advent, Year C • Advent","The First Sunday of Advent, Year C"
2018-12-09,OCCASION_IN_READINGS,The Forerunner,"Second Sunday of Advent, Year C • Advent","The Second Sunday of Advent, Year C"
2018-12-16,EMPTY_READINGS,Rejoice!,"Third Sunday of Advent, Year C • Advent",
2018-12-23,OCCASION_IN_READINGS,Service,"Fourth Sunday of Advent, Year C • Advent","The Fourth Sunday of Advent, Year C"
2019-01-06,TITLE_IN_READINGS,Epiphany,"The Epiphany, Year C • Epiphany",The Epiphany
2019-01-13,OCCASION_IN_READINGS,A Message,"First Sunday after the Epiphany, Year C • Epiphany","The First Sunday after Epiphany, Year C"
2019-01-20,OCCASION_IN_READINGS,A New Name,"Second Sunday after the Epiphany, Year C • Epiphany","The Second Sunday of Epiphany, Year C"
2019-01-27,OCCASION_IN_READINGS,This Day,"Third Sunday after the Epiphany, Year C • Epiphany","The Third Sunday after Epiphany, Year C"
2019-02-03,OCCASION_IN_READINGS,Peace,"Fourth Sunday after the Epiphany, Year C • Epiphany","The Fourth Sunday after Epiphany, Year C"
2019-02-10,OCCASION_IN_READINGS,Send Me,"Fifth Sunday after the Epiphany, Year C • Epiphany","The Fifth Sunday after Epiphany, Year C"
2019-02-17,OCCASION_IN_READINGS,Trust in the Lord,"Sixth Sunday after the Epiphany, Year C • Epiphany","The Sixth Sunday after Epiphany, Year C"
2019-02-24,OCCASION_IN_READINGS,Give and Receive,"Seventh Sunday after the Epiphany, Year C • Epiphany","The Seventh Sunday after Epiphany, Year C"
2019-03-03,OCCASION_IN_READINGS,Unveiled Faces,"Last Sunday after the Epiphany, Year C • Epiphany","The Last Sunday after Epiphany, Year C"
2019-04-07,OCCASION_IN_READINGS,A New Thing,"Fifth Sunday in Lent, Year C • Lent","The Fifth Sunday in Lent, Year C"
2019-04-14,OCCASION_IN_READINGS,Our Times Are in God’s Hands,"Palm Sunday, Year C • Lent","Palm Sunday, Year C"
2019-04-21,OCCASION_IN_READINGS,Witnesses,"Easter Day Early Principal Evening, Year C • Easter","Easter Day, Year C"
2019-04-28,OCCASION_IN_READINGS,"God Meets Us Where We Are, as We Are","Second Sunday of Easter, Year C • Easter","The Second Sunday of Easter, Year C"
2019-05-05,OCCASION_IN_READINGS,It Is the Lord!,"Third Sunday of Easter, Year C • Easter","The Third Sunday of Easter, Year C"
2019-05-12,OCCASION_IN_READINGS,Get Up,"Fourth Sunday of Easter, Year C • Easter","The Fourth Sunday of Easter, Year C"
2019-05-19,OCCASION_IN_READINGS,No Distinction Among God’s Children,"Fifth Sunday of Easter, Year C • Easter","The Fifth Sunday of Easter, Year C"
2019-05-26,OCCASION_IN_READINGS,Come to Us,"Sixth Sunday of Easter, Year C • Easter","The Sixth Sunday of Easter, Year C"
2019-06-02,OCCASION_IN_READINGS,Maranatha,"Seventh Sunday of Easter, Year C • Easter","The Seventh Sunday of Easter, Year C"
2019-06-09,EMPTY_READINGS,The Holy Spirit,"Day of Pentecost, Year C • Ordinary Time",
2019-06-16,OCCASION_IN_READINGS,Encounter,"Trinity Sunday, Year C • Ordinary Time","Trinity Sunday, Year C"
2019-06-23,OCCASION_IN_READINGS,Athirst for God,"Second Sunday after Pentecost Proper 7, Year C • Ordinary Time","Proper 7, Year C"
2019-06-30,OCCASION_IN_READINGS,Remember,"Third Sunday after Pentecost Proper 8, Year C • Ordinary Time","Proper 8, Year C"
2019-07-07,OCCASION_IN_READINGS,Near,"Fourth Sunday after Pentecost Proper 9, Year C • Ordinary Time","Proper 9, Year C"
2019-07-14,OCCASION_IN_READINGS,Saints,"Fifth Sunday after Pentecost Proper 10, Year C • Ordinary Time","Proper 10, Year C"
2019-07-21,OCCASION_IN_READINGS,Distracted,"Sixth Sunday after Pentecost Proper 11, Year C • Ordinary Time","Proper 11, Year C"
2019-07-28,OCCASION_IN_READINGS,Rooted in Christ,"Seventh Sunday after Pentecost Proper 12, Year C • Ordinary Time","Proper 12, Year C"
2019-08-04,OCCASION_IN_READINGS,Ponder,"Eighth Sunday after Pentecost Proper 13, Year C • Ordinary Time","Proper 13, Year C"
2019-08-11,OCCASION_IN_READINGS,Waiting,"Ninth Sunday after Pentecost Proper 14, Year C • Ordinary Time","Proper 14, Year C"
2019-08-18,OCCASION_IN_READINGS,The Light of God’s Countenance,"Tenth Sunday after Pentecost Proper 15, Year C • Ordinary Time","Proper 15, Year C"
2019-08-25,OCCASION_IN_READINGS,A Crippling Spirit,"Eleventh Sunday after Pentecost Proper 16, Year C • Ordinary Time","Proper 16, Year C"
2019-09-01,OCCASION_IN_READINGS,“Things That Do Not Profit”,"Twelfth Sunday after Pentecost Proper 17, Year C • Ordinary Time","Proper 17, Year C"
2019-09-08,OCCASION_IN_READINGS,The Potter and the Clay,"Thirteenth Sunday after Pentecost Proper 18, Year C • Ordinary Time","Proper 18, Year C"
2019-09-15,OCCASION_IN_READINGS,Mercy,"Fourteenth Sunday after Pentecost Proper 19, Year C • Ordinary Time","Proper 19, Year C"
2019-09-22,OCCASION_IN_READINGS,Squandering?,"Fifteenth Sunday after Pentecost Proper 20, Year C • Ordinary Time","Proper 20, Year C"
2019-09-29,OCCASION_IN_READINGS,Satisfy,"Sixteenth Sunday after Pentecost Proper 21, Year C • Ordinary Time","Proper 21, Year C"
2019-10-06,OCCASION_IN_READINGS,Psalms,"Seventeenth Sunday after Pentecost Proper 22, Year C • Ordinary Time","Proper 22, Year C"
2019-10-13,OCCASION_IN_READINGS,The Word of God,"Eighteenth Sunday after Pentecost Proper 23, Year C • Ordinary Time","Proper 23, Year C"
2019-10-20,OCCASION_IN_READINGS,A Prayer-Answering God,"Nineteenth Sunday after Pentecost Proper 24, Year C • Ordinary Time","Proper 24, Year C"
2019-10-27,OCCASION_IN_READINGS,Pride / Humility,"Twentieth Sunday after Pentecost Proper 25, Year C • Ordinary Time","Proper 25, Year C"
2019-11-03,OCCASION_IN_READINGS,The Golden Rule,"All Saints Sunday, Year C • Special","All Saints’ Observance, Year C"
2019-11-10,OCCASION_IN_READINGS,Take Courage,"Twenty-Second Sunday after Pentecost Proper 27, Year C • Ordinary Time","Proper 27, Year C"
2019-11-17,OCCASION_IN_READINGS,The Gifts of God,"Twenty-Third Sunday after Pentecost Proper 28, Year C • Ordinary Time","Proper 28, Year C"
2019-11-24,OCCASION_IN_READINGS,Restoration,"Christ the King, Year C • Special","Proper 29, Year C"
2019-12-01,OCCASION_IN_READINGS,Keep Awake,"First Sunday of Advent, Year A • Advent","The First Sunday of Advent, Year A"
2019-12-08,OCCASION_IN_READINGS,Abound in Hope,"Second Sunday of Advent, Year A • Advent","The Second Sunday in Advent, Year A"
2019-12-15,OCCASION_IN_READINGS,Here Is Your God!,"Third Sunday of Advent, Year A • Advent","The Third Sunday of Advent, Year A"
2019-12-22,OCCASION_IN_READINGS,God Is with Us,"Fourth Sunday of Advent, Year A • Advent","Fourth Sunday of Advent, Year A"
2019-12-29,EMPTY_READINGS,A Child of God,"First Sunday after Christmas, Year C • Christmas",
2020-01-05,OCCASION_IN_READINGS,Revelation,"Second Sunday after Christmas, Year A • Christmas","Second Sunday after Christmas, Year A"
2020-01-12,OCCASION_IN_READINGS,New Things,"First Sunday after the Epiphany The Baptism of Our Lord, Year A • Epiphany","The First Sunday after Epiphany, Year A"
2020-01-19,OCCASION_IN_READINGS,Chosen,"Second Sunday after the Epiphany, Year A • Epiphany","The Second Sunday after Epiphany, Year A"
2020-01-26,OCCASION_IN_READINGS,Come,"Third Sunday after the Epiphany, Year A • Epiphany","The Third Sunday after Epiphany, Year A"
2020-02-02,OCCASION_IN_READINGS,“The Controversy of the Lord”,"Presentation of Jesus in the Temple, Year A • Special","The Fourth Sunday after the Epiphany, Year A"
2020-02-09,OCCASION_IN_READINGS,Here I Am,"Fifth Sunday after the Epiphany, Year A • Epiphany","The Fifth Sunday after Epiphany, Year A"
2020-02-16,OCCASION_IN_READINGS,Be Reconciled,"Sixth Sunday after the Epiphany, Year A • Epiphany","The Sixth Sunday after the Epiphany, Year A"
2020-02-23,OCCASION_IN_READINGS,Response,"Last Sunday after the Epiphany, Year A • Epiphany","The Last Sunday after the Epiphany, Year A"
2020-03-01,OCCASION_IN_READINGS,Fig Leaves,"First Sunday in Lent, Year A • Lent","The First Sunday in Lent, Year A"
2020-03-08,OCCASION_IN_READINGS,Astray,"Second Sunday in Lent, Year A • Lent","The Second Sunday in Lent, Year A"
2020-03-15,OCCASION_IN_READINGS,Outwardly and Inwardly,"Third Sunday in Lent, Year A • Lent","The Third Sunday in Lent, Year A"
2020-03-22,OCCASION_IN_READINGS,"Sleepers, Awake!","Fourth Sunday in Lent, Year A • Lent","The Fourth Sunday in Lent, Year A"
2020-03-29,OCCASION_IN_READINGS,"""Unbind Him""","Fifth Sunday in Lent, Year A • Lent","The Fifth Sunday in Lent, Year A"
2020-04-05,OCCASION_IN_READINGS,Hosanna!,"Palm Sunday, Year A • Lent","The Sunday of the Passion: Palm Sunday, Year A"
2020-04-12,EMPTY_READINGS,Life After Death,"Easter Day Early Service Principal Service Evening Service, Year A • Easter",
2020-04-19,OCCASION_IN_READINGS,Easter Hope,"Second Sunday of Easter, Year A • Easter","The Second Sunday of Easter, Year A"
2020-04-26,OCCASION_IN_READINGS,A Spiritual Pattern,"Third Sunday of Easter, Year A • Easter","The Third Sunday of Easter, Year A"
2020-05-03,OCCASION_IN_READINGS,Jesus' Example,"Fourth Sunday of Easter, Year A • Easter","The Fourth Sunday of Easter, Year A"
2020-05-10,OCCASION_IN_READINGS,"God, the Father","Fifth Sunday of Easter, Year A • Easter","Fifth Sunday of Easter, Year A"
2020-05-17,OCCASION_IN_READINGS,An Unknown God?,"Sixth Sunday of Easter, Year A • Easter","The Sixth Sunday of Easter, Year A"
2020-05-24,OCCASION_IN_READINGS,Is This the Time?,"Seventh Sunday of Easter, Year A • Easter","The 7th Sunday of Easter, Year A"
2020-05-31,EMPTY_READINGS,Receive the Holy Spirit,"Day of Pentecost, Year A • Ordinary Time",
2020-06-07,OCCASION_IN_READINGS,Unity,"Trinity Sunday, Year A • Ordinary Time","Trinity Sunday, Year A"
2020-06-14,OCCASION_IN_READINGS,The Household of God,"Second Sunday after Pentecost Proper 6, Year A • Ordinary Time","Proper 6, Year A"
2020-06-21,EMPTY_READINGS,Newness of Life—Loving-Kindness,"Third Sunday after Pentecost Proper 7, Year A • Ordinary Time",
2020-06-28,OCCASION_IN_READINGS,Here I Am,"Fourth Sunday after Pentecost Proper 8, Year A • Ordinary Time","Proper 8, Year A"
2020-07-05,OCCASION_IN_READINGS,Sin Dwells Within,"Fifth Sunday after Pentecost Proper 9, Year A • Ordinary Time","Proper 9, Year A"
2020-07-12,OCCASION_IN_READINGS,Listen!,"Sixth Sunday after Pentecost Proper 10, Year A • Ordinary Time","Proper 10, Year A"
2020-07-19,OCCASION_IN_READINGS,"The House of God, the Gate of Heaven","Seventh Sunday after Pentecost Proper 11, Year A • Ordinary Time","Proper 11, Year A"
2020-07-26,OCCASION_IN_READINGS,God’s Face,"Eighth Sunday after Pentecost Proper 12, Year A • Ordinary Time","Proper 12, Year A"
2020-08-02,OCCASION_IN_READINGS,Encountering the Divine,"Ninth Sunday after Pentecost Proper 13, Year A • Ordinary Time","Proper 13, Year A"
2020-08-09,EMPTY_READINGS,Come!,"Tenth Sunday after Pentecost Proper 14, Year A • Ordinary Time",
2020-08-16,OCCASION_IN_READINGS,"More, Always More","Eleventh Sunday after Pentecost Proper 15, Year A • Ordinary Time","Proper 15, Year A"
2020-08-23,OCCASION_IN_READINGS,Dread,"Twelfth Sunday after Pentecost Proper 16, Year A • Ordinary Time","Proper 16, Year A"
2020-08-30,OCCASION_IN_READINGS,Peaceably,"Thirteenth Sunday after Pentecost Proper 17, Year A • Ordinary Time","Proper 17, Year A"
2020-09-06,OCCASION_IN_READINGS,Trust in the Lord,"Fourteenth Sunday after Pentecost Proper 18, Year A • Ordinary Time","Proper 18, Year A"
2020-09-13,OCCASION_IN_READINGS,Hesed,"Fifteenth Sunday after Pentecost Proper 19, Year A • Ordinary Time","Proper 19, Year A"
2020-09-20,OCCASION_IN_READINGS,Make Room,"Sixteenth Sunday after Pentecost Proper 20, Year A • Ordinary Time","Proper 20, Year A"
2020-09-27,OCCASION_IN_READINGS,Willing,"Seventeenth Sunday after Pentecost Proper 21, Year A • Ordinary Time","Proper 21, Year A"
2020-10-04,OCCASION_IN_READINGS,Fruits of the Kingdom,"Eighteenth Sunday after Pentecost Proper 22, Year A • Ordinary Time","Proper 22, Year A"
2020-10-11,OCCASION_IN_READINGS,Outer Darkness,"Nineteenth Sunday after Pentecost Proper 23, Year A • Ordinary Time","Proper 23, Year A"
2020-10-18,OCCASION_IN_READINGS,Rest,"Twentieth Sunday after Pentecost Proper 24, Year A • Ordinary Time","Proper 24, Year A"
2020-10-25,OCCASION_IN_READINGS,It’s Simple!,"Twenty-First Sunday after Pentecost Proper 25, Year A • Ordinary Time","Proper 25, Year A"
2020-11-01,OCCASION_IN_READINGS,The Saints of God,"All Saints, Year A • Special","All Saints' Day, Year A"
2020-11-08,OCCASION_IN_READINGS,"""Encourage One Another""""","Twenty-Third Sunday after Pentecost Proper 27, Year A • Ordinary Time","Proper 27, Year A"
2020-11-15,OCCASION_IN_READINGS,Unexpected,"Twenty-Fourth Sunday after Pentecost Proper 28, Year A • Ordinary Time","Proper 28, Year A"
2020-11-22,OCCASION_IN_READINGS,Incarnation,"Christ the King, Year A • Special","Proper 29, Year A"
2020-11-29,OCCASION_IN_READINGS,Those Who Wait,"First Sunday of Advent, Year B • Advent","The First Sunday of Advent, Year B"
2020-12-06,OCCASION_IN_READINGS,Prepare the Way,"Second Sunday of Advent, Year B • Advent","The Second Sunday of Advent, Year B"
2020-12-13,OCCASION_IN_READINGS,Bountiful Mercy,"Third Sunday of Advent, Year B • Advent","The Third Sunday of Advent, Year B"
2020-12-20,OCCASION_IN_READINGS,An Abiding Place,"Fourth Sunday of Advent, Year B • Advent","The Fourth Sunday of Advent, Year B"
2020-12-27,EMPTY_READINGS,The Fullness of Time,"First Sunday after Christmas, Year A • Christmas",
2021-01-03,EMPTY_READINGS,Then and Now,"Second Sunday after Christmas, Year B • Christmas",
2021-01-10,OCCASION_IN_READINGS,"Ruach: Breath, Wind, Spirit","First Sunday after the Epiphany, Year B • Epiphany","The First Sunday after Epiphany, Year B"
2021-01-17,OCCASION_IN_READINGS,Persistent,"Second Sunday after the Epiphany, Year B • Epiphany","The Second Sunday after the Epiphany, Year B"
2021-01-24,OCCASION_IN_READINGS,Turning,"Third Sunday after the Epiphany, Year B • Epiphany","The Third Sunday after Epiphany, Year B"
2021-01-31,OCCASION_IN_READINGS,Love Builds Up,"Fourth Sunday after the Epiphany, Year B • Epiphany","The Fourth Sunday after Epiphany, Year B"
2021-02-07,OCCASION_IN_READINGS,Awe and Wonder,"Fifth Sunday after the Epiphany, Year B • Epiphany","The 5th Sunday after Epiphany, Year B"
2021-02-14,OCCASION_IN_READINGS,Epiphanies Everyday,"Last Sunday after the Epiphany, Year B • Epiphany","The Last Sunday after the Epiphany, Year B"
2021-02-21,OCCASION_IN_READINGS,Wilderness,"First Sunday in Lent, Year B • Lent","The First Sunday in Lent, Year B"
2021-02-28,OCCASION_IN_READINGS,Unchangeable Truth,"Second Sunday in Lent, Year B • Lent","The Second Sunday in Lent, Year B"
2021-03-07,OCCASION_IN_READINGS,Outwardly--Inwardly,"Third Sunday in Lent, Year B • Lent","The Third Sunday in Lent, Year B"
2021-03-14,OCCASION_IN_READINGS,The Gift of God,"Fourth Sunday in Lent, Year B • Lent","The Fourth Sunday in Lent, Year B"
2021-03-21,OCCASION_IN_READINGS,The Hour Has Come,"Fifth Sunday in Lent, Year B • Lent","The 5th Sunday in Lent, Year B"
2021-03-28,OCCASION_IN_READINGS,Preparation,"Palm Sunday, Year B • Lent","The Sunday of the Passion: Palm Sunday, Year B"
2021-04-04,OCCASION_IN_READINGS,I Have Seen the Lord,"Easter Day Early Principal Evening, Year B • Easter","Easter Day, Year B"
2021-04-18,OCCASION_IN_READINGS,Encounters with Christ,"Third Sunday of Easter, Year B • Easter","The Third Sunday of Easter, Year B"
2021-04-25,OCCASION_IN_READINGS,Presence,"Fourth Sunday of Easter, Year B • Easter","The Fourth Sunday of Easter, Year B"
2021-05-02,OCCASION_IN_READINGS,Get Up and Go,"Fifth Sunday of Easter, Year B • Easter","The Fifth Sunday of Easter, Year B"
2021-05-09,OCCASION_IN_READINGS,“I Chose You”,"Sixth Sunday of Easter, Year B • Easter","The Sixth Sunday of Easter, Year B"
2021-05-16,OCCASION_IN_READINGS,Ready?,"Seventh Sunday of Easter, Year B • Easter","The Seventh Sunday of Easter, Year B"
2021-05-23,EMPTY_READINGS,Groaning,"Day of Pentecost, Year B • Ordinary Time",
2021-05-30,OCCASION_IN_READINGS,Abba! Father!,"Trinity Sunday, Year B • Ordinary Time","Trinity Sunday, Year B"
2021-06-06,OCCASION_IN_READINGS,Renewal,"Second Sunday after Pentecost Proper 5, Year B • Ordinary Time","Proper 5, Year B"
2021-06-13,OCCASION_IN_READINGS,Look on the Heart,"Third Sunday after Pentecost Proper 6, Year B • Ordinary Time","Proper 6, Year B"
2021-06-20,OCCASION_IN_READINGS,Peace! Be Still!,"Fourth Sunday after Pentecost Proper 7, Year B • Ordinary Time","Proper 7, Year B"
2021-06-27,OCCASION_IN_READINGS,Words of Hope,"Fifth Sunday after Pentecost Proper 8, Year B • Ordinary Time","Proper 8, Year B"
2021-07-04,OCCASION_IN_READINGS,In Christ,"Sixth Sunday after Pentecost Proper 9, Year B • Ordinary Time","Proper 9, Year B"
2021-07-11,OCCASION_IN_READINGS,God’s Holy Place,"Seventh Sunday after Pentecost Proper 10, Year B • Ordinary Time","Proper 10, Year B"
2021-07-18,OCCASION_IN_READINGS,The Dividing Wall,"Eighth Sunday after Pentecost Proper 11, Year B • Ordinary Time","Proper 11, Year B"
2021-07-25,OCCASION_IN_READINGS,Rooted and Grounded in Love,"Ninth Sunday after Pentecost Proper 12, Year B • Ordinary Time","Proper 12, Year B"
2021-08-01,OCCASION_IN_READINGS,Forgiveness and Love,"Tenth Sunday after Pentecost Proper 13, Year B • Ordinary Time","Proper 13, Year B"
2021-08-08,OCCASION_IN_READINGS,Self-Giving Love,"Eleventh Sunday after Pentecost Proper 14, Year B • Ordinary Time","Proper 14, Year B"
2021-08-15,OCCASION_IN_READINGS,Praise and Thanksgiving,"Twelfth Sunday after Pentecost Proper 15, Year B • Ordinary Time","Proper 15, Year B"
2021-08-22,OCCASION_IN_READINGS,The Holy One of God,"Thirteenth Sunday after Pentecost Proper 16, Year B • Ordinary Time","Proper 16, Year B"
2021-08-29,OCCASION_IN_READINGS,Come Away,"Fourteenth Sunday after Pentecost Proper 17, Year B • Ordinary Time","Proper 17, Year B"
2021-09-12,OCCASION_IN_READINGS,Take Up Your Cross,"Sixteenth Sunday after Pentecost Proper 19, Year B • Ordinary Time","Proper 19, Year B"
2021-09-19,OCCASION_IN_READINGS,Draw Near,"Seventeenth Sunday after Pentecost Proper 20, Year B • Ordinary Time","Proper 20, Year B"
2021-09-26,OCCASION_IN_READINGS,Be at Peace with One Another,"Eighteenth Sunday after Pentecost Proper 21, Year B • Ordinary Time","Proper 21, Year B"
2021-10-03,OCCASION_IN_READINGS,God’s Glory Abides,"Nineteenth Sunday after Pentecost Proper 22, Year B • Ordinary Time","Proper 22, Year B"
2021-10-10,OCCASION_IN_READINGS,Laid Bare,"Twentieth Sunday after Pentecost Proper 23, Year B • Ordinary Time","Proper 23, Year B"
2021-10-17,OCCASION_IN_READINGS,Reverent Submission,"Twenty-First Sunday after Pentecost Proper 24, Year B • Ordinary Time","Proper 24, Year B"
2021-10-24,OCCASION_IN_READINGS,Take Heart,"Twenty-Second Sunday after Pentecost Proper 25, Year B • Ordinary Time","Proper 25, Year B"
2021-10-31,OCCASION_IN_READINGS,Oneness,"Twenty-Third Sunday after Pentecost Proper26, Year B • Ordinary Time","Proper 26, Year B"
2021-11-07,OCCASION_IN_READINGS,Everything,"Twenty Fourth Sunday after Pentecost Proper 27, Year B • Ordinary Time","Proper 27, Year B"
2021-11-14,OCCASION_IN_READINGS,Not One Stone,"Twenty-Fifth Sunday after Pentecost Proper 28, Year B • Ordinary Time","Proper 28, Year B"
2021-11-21,OCCASION_IN_READINGS,The Alpha and the Omega,"Christ the King, Year B • Special","Proper 29, Year B"
2021-11-28,OCCASION_IN_READINGS,The Alpha and the Omega,"First Sunday of Advent, Year C • Advent","Proper 29, Year B"
2021-12-05,OCCASION_IN_READINGS,Prophets,"Second Sunday of Advent, Year C • Advent","The Second Sunday of Advent, Year C"
2021-12-12,OCCASION_IN_READINGS,In Your Midst,"Third Sunday of Advent, Year C • Advent","The Third Sunday of Advent, Year C"
2021-12-19,EMPTY_READINGS,God's Daily Visitation,"Fourth Sunday of Advent, Year C • Advent",
2021-12-26,EMPTY_READINGS,The Fullness of Time,"First Sunday after Christmas, Year B • Christmas",
2022-01-02,EMPTY_READINGS,Satisfied?,"Second Sunday after Christmas ""(Note: Episcopal readings differ from the """"generic"""" RCL readings)"", Year C • Christmas",
2022-01-09,OCCASION_IN_READINGS,Precious,"First Sunday after the Epiphany, Year C • Epiphany",The First Sunday after Epiphany Year C
2022-01-16,OCCASION_IN_READINGS,"""The Shadow of Your Wings""","Second Sunday after the Epiphany, Year C • Epiphany","The Second Sunday after Epiphany, Year C"
2022-01-23,OCCASION_IN_READINGS,The Spirit of the Lord Is Upon Us,"Third Sunday after the Epiphany, Year C • Epiphany","The Third Sunday after Epiphany, Year C"
2022-01-30,OCCASION_IN_READINGS,On the Way,"Fourth Sunday after the Epiphany, Year C • Epiphany","The Fourth Sunday after Epiphany, Year C"
2022-02-06,OCCASION_IN_READINGS,Call and Response,"Fifth Sunday after the Epiphany, Year C • Epiphany","The Fifth Sunday after Epiphany, Year C"
2022-02-13,OCCASION_IN_READINGS,Trust in the Lord,"Sixth Sunday after the Epiphany, Year C • Epiphany","The Sixth Sunday after Epiphany, Year C"
2022-02-20,OCCASION_IN_READINGS,But God,"Seventh Sunday after the Epiphany, Year C • Epiphany","The Seventh Sunday after Epiphany, Year C"
2022-02-27,OCCASION_IN_READINGS,Transformation,"Last Sunday after the Epiphany, Year C • Epiphany","The Last Sunday after the Epiphany, Year C"
2022-03-06,OCCASION_IN_READINGS,An Opportune Time,"First Sunday in Lent, Year C • Lent","The First Sunday in Lent, Year C"
2022-03-13,EMPTY_READINGS,Willing or Unwilling?,"Second Sunday in Lent, Year C • Lent",
2022-03-20,OCCASION_IN_READINGS,Reconciliation,"Third Sunday in Lent, Year C • Lent","The Fourth Sunday in Lent, Year C"
2022-03-27,OCCASION_IN_READINGS,Reconciliation,"Fourth Sunday in Lent, Year C • Lent","The Fourth Sunday in Lent, Year C"
2022-04-03,OCCASION_IN_READINGS,Anticipation,"Fifth Sunday in Lent, Year C • Lent","The Fifth Sunday in Lent, Year C"
2022-04-10,OCCASION_IN_READINGS,"""The Lord Needs It""","Palm Sunday, Year C • Lent","The Sunday of the Passion: Palm Sunday, Year C"
2022-04-17,OCCASION_IN_READINGS,Rejoice and Be Glad,"Easter Day Principal Evening, Year C • Easter","Easter Day, Year C"
2022-04-24,OCCASION_IN_READINGS,The Alpha and the Omega,"Second Sunday of Easter, Year C • Easter","The Second Sunday of Easter, Year C"
2022-05-01,OCCASION_IN_READINGS,Two Others?,"Third Sunday of Easter, Year C • Easter","The Third Sunday of Easter, Year C"
2022-05-08,OCCASION_IN_READINGS,Tabitha / Dorcas,"Fourth Sunday of Easter, Year C • Easter","The Fourth Sunday of Easter, Year C"
2022-05-15,OCCASION_IN_READINGS,New,"Fifth Sunday of Easter, Year C • Easter","The Fifth Sunday of Easter, Year C"
2022-05-22,OCCASION_IN_READINGS,"Questions, Questions, Questions","Sixth Sunday of Easter, Year C • Easter","The Sixth Sunday of Easter, Year C"
2022-05-29,OCCASION_IN_READINGS,Unfastened,"Seventh Sunday of Easter, Year C • Easter","The Seventh Sunday of Easter, Year C"
2022-06-05,EMPTY_READINGS,What Does This Mean?,"Day of Pentecost, Year C • Ordinary Time",
2022-06-12,OCCASION_IN_READINGS,Encounter,"Trinity Sunday, Year C • Ordinary Time","Trinity Sunday, Year C"
2022-06-19,OCCASION_IN_READINGS,Athirst for God,"Second Sunday after Pentecost Proper 7, Year C • Ordinary Time","Proper 7, Year C"
2022-06-26,OCCASION_IN_READINGS,Lost?,"Third Sunday after Pentecost Proper 8, Year C • Ordinary Time","Proper 8, Year C"
2022-07-03,OCCASION_IN_READINGS,Expectations,"Fourth Sunday after Pentecost Proper 9, Year C • Ordinary Time","Proper 9, Year C"
2022-07-10,OCCASION_IN_READINGS,The Plumb Line,"Fifth Sunday after Pentecost Proper 10, Year C • Ordinary Time","Proper 10, Year C"
2022-07-17,OCCASION_IN_READINGS,The Plumb Line,"Sixth Sunday after Pentecost Proper 11, Year C • Ordinary Time","Proper 10, Year C"
2022-07-24,OCCASION_IN_READINGS,Rooted,"Seventh Sunday after Pentecost Proper 12, Year C • Ordinary Time","Proper 12, Year C"
2022-07-31,OCCASION_IN_READINGS,Deliverance,"Eighth Sunday after Pentecost Proper 13, Year C • Ordinary Time","Proper 13, Year C"
2022-08-07,OCCASION_IN_READINGS,An Unexpected Hour,"Ninth Sunday after Pentecost Proper 14, Year C • Ordinary Time","Proper 14, Year C"
2022-08-14,OCCASION_IN_READINGS,Fire!,"Tenth Sunday after Pentecost Proper 15, Year C • Ordinary Time",Proper 15 Year C
2022-08-21,OCCASION_IN_READINGS,Set Free,"Eleventh Sunday after Pentecost Proper 16, Year C • Ordinary Time","Proper 16, Year C"
2022-08-28,OCCASION_IN_READINGS,The Fountain of Life,"Twelth Sunday after Pentecost Proper 17, Year C • Ordinary Time","Proper 17, Year C"
2022-09-04,OCCASION_IN_READINGS,The Potter and the Clay,"Thirteenth Sunday after Pentecost Proper 18, Year C • Ordinary Time","Proper 18, Year C"
2022-09-11,OCCASION_IN_READINGS,Grumbling,"Fourteenth Sunday after Pentecost Proper 19, Year C • Ordinary Time","Proper 19, Year C"
2022-09-25,OCCASION_IN_READINGS,Squandering?,"Sixteenth Sunday after Pentecost Proper 21, Year C • Ordinary Time","Proper 20, Year C"
2022-10-02,OCCASION_IN_READINGS,Hope,"Seventeenth Sunday after Pentecost Proper 22, Year C • Ordinary Time","Proper 22, Year C"
2022-10-23,OCCASION_IN_READINGS,The Jesus Prayer,"Twentieth Sunday after Pentecost Proper 25, Year C • Ordinary Time","Proper 25, Year C"
2022-10-30,OCCASION_IN_READINGS,Our Role Model?,"Twenty-first Sunday after Pentecost Proper 26, Year C • Ordinary Time","Proper 26, Year C"
2022-11-06,OCCASION_IN_READINGS,Nearness,"""All Saints' (see Nov 1, white)"" Twenty-second Sunday after Pentecost Proper 27, Year C • Ordinary Time","Proper 27, Year C"
2022-11-13,OCCASION_IN_READINGS,Weary?,"Twenty-third Sunday after Pentecost Proper 28, Year C • Ordinary Time","Proper 28, Year C"
2022-11-20,OCCASION_IN_READINGS,The Image of God,"Christ the King Proper 29, Year C • Ordinary Time","Proper 29, Year C"
2022-11-27,EMPTY_READINGS,Be Ready,"First Sunday of Advent, Year A • Advent",
2022-12-04,OCCASION_IN_READINGS,Miracles!,"Second Sunday of Advent, Year A • Advent","Second Sunday of Advent, Year A"
2022-12-11,OCCASION_IN_READINGS,Rejoice! the Coming of the Lord Is Near,"Third Sunday of Advent, Year A • Advent","Third Sunday of Advent, Year A"
2022-12-18,OCCASION_IN_READINGS,God Is with Us,"Fourth Sunday of Advent, Year A • Advent","Fourth Sunday of Advent, Year A"
2022-12-25,OCCASION_IN_READINGS,Encounter,"Christmas Day Christmas I Christmas II Christmas III, Year C • Christmas","Christmas Day, Proper 1"
2023-01-01,EMPTY_READINGS,A Child of God,"The Holy Name, Year A • Special",
2023-01-08,OCCASION_IN_READINGS,New Things,"First Sunday after the Epiphany The Baptism of Our Lord, Year A • Epiphany","First Sunday after the Epiphany, Year A"
2023-01-15,OCCASION_IN_READINGS,Faithful,"Second Sunday after the Epiphany, Year A • Epiphany","The Second Sunday after the Epiphany, Year A"
2023-01-22,OCCASION_IN_READINGS,The Message of the Cross,"Third Sunday after the Epiphany, Year A • Epiphany","Third Sunday after the Epiphany, Year A"
2023-01-29,OCCASION_IN_READINGS,Upside-Down,"Fourth Sunday after the Epiphany, Year A • Epiphany","The Fourth Sunday after Epiphany, Year A"
2023-02-05,OCCASION_IN_READINGS,Abundant Life,"Fifth Sunday after the Epiphany, Year A • Epiphany","Fifth Sunday after the Epiphany, Year A"
2023-02-12,EMPTY_READINGS,Growth,"Sixth Sunday after the Epiphany, Year A • Epiphany",
2023-02-19,OCCASION_IN_READINGS,Response,"Last Sunday after the Epiphany, Year A • Epiphany","The Last Sunday after the Epiphany, Year A"
2023-02-26,OCCASION_IN_READINGS,Angels Come,"First Sunday in Lent, Year A • Lent","The First Sunday in Lent, Year A"
2023-03-05,OCCASION_IN_READINGS,Presence,"Second Sunday in Lent, Year A • Lent","The Second Sunday of Lent, Year A"
2023-03-12,OCCASION_IN_READINGS,Hearken to His Voice,"Third Sunday in Lent, Year A • Lent","The Third Sunday in Lent, Year A"
2023-03-19,OCCASION_IN_READINGS,Divided,"Fourth Sunday in Lent, Year A • Lent","The Fourth Sunday in Lent, Year A"
2023-03-26,OCCASION_IN_READINGS,From Death to Life,"Fifth Sunday in Lent, Year A • Lent","The Fifth Sunday in Lent, Year A"
2023-04-02,LITURGY_IN_READINGS,From Exultation to Desolation to?,"Palm Sunday, Year A • Lent",Liturgy of the Palms
2023-04-09,OCCASION_IN_READINGS,The Lord’s Doing,"Easter Day Early Service Principal Service Evening Service, Year A • Easter","Easter Day, Year A"
2023-04-16,OCCASION_IN_READINGS,Witnesses,"Second Sunday of Easter, Year A • Easter","The Second Sunday of Easter, Year A"
2023-04-23,OCCASION_IN_READINGS,Slow of Heart,"Third Sunday of Easter, Year A • Easter","The Third Sunday of Easter, Year A"
2023-04-30,OCCASION_IN_READINGS,Aware of God,"Fourth Sunday of Easter, Year A • Easter",Fourth Sunday of Easter
2023-05-07,OCCASION_IN_READINGS,Look!,"Fifth Sunday of Easter, Year A • Easter","The Fifth Sunday of Easter, Year A"
2023-05-14,OCCASION_IN_READINGS,An Unknown God?,"Sixth Sunday of Easter, Year A • Easter","The Sixth Sunday of Easter, Year A"
2023-05-21,OCCASION_IN_READINGS,The God of All Grace,"Seventh Sunday of Easter, Year A • Easter","The Seventh Sunday of Easter, Year A"
2023-05-28,EMPTY_READINGS,Amazed and Perplexed,"Day of Pentecost, Year A • Ordinary Time",
2023-06-04,OCCASION_IN_READINGS,Unity,"Trinity Sunday, Year A • Ordinary Time","Trinity Sunday, Year A"
2023-06-11,OCCASION_IN_READINGS,Trust in God,"Second Sunday after Pentecost Proper 5, Year A • Ordinary Time","Proper 5, Year A"
2023-06-18,OCCASION_IN_READINGS,Thresholds,"Third Sunday after Pentecost Proper 6, Year A • Ordinary Time","Proper 6, Year A"
2023-06-25,OCCASION_IN_READINGS,Newness of Life,"Fourth Sunday after Pentecost Proper 7, Year A • Ordinary Time","Proper 7, Year A"
2023-07-02,EMPTY_READINGS,A Cup of Cold Water,"Fifth Sunday after Pentecost Proper 8, Year A • Ordinary Time",
2023-07-09,OCCASION_IN_READINGS,Rest,"Sixth Sunday after Pentecost Proper 9, Year A • Ordinary Time","Proper 9, Year A"
2023-07-16,OCCASION_IN_READINGS,Listen!,"Seventh Sunday after Pentecost Proper 10, Year A • Ordinary Time","Proper 10, Year A"
2023-07-23,OCCASION_IN_READINGS,Hope,"Eighth Sunday after Pentecost Proper 11, Year A • Ordinary Time","Proper 11, Year A"
2023-07-30,OCCASION_IN_READINGS,God’s Face,"Ninth Sunday after Pentecost Proper 12, Year A • Ordinary Time","Proper 12, Year A"
2023-08-13,OCCASION_IN_READINGS,Lord of All,"Eleventh Sunday after Pentecost Proper 14, Year A • Ordinary Time","Proper 14, Year A"
2023-08-20,OCCASION_IN_READINGS,"More, Always More","Twelfth Sunday after Pentecost Proper 15, Year A • Ordinary Time","Proper 15, Year A"
2023-08-27,OCCASION_IN_READINGS,Spiritual Worship,"Thirteenth Sunday after Pentecost Proper 16, Year A • Ordinary Time","Proper 16, Year A"
2023-09-03,OCCASION_IN_READINGS,Peaceably,"Fourteenth Sunday after Pentecost Proper 17, Year A • Ordinary Time","Proper 17, Year A"
2023-09-10,OCCASION_IN_READINGS,Wake and Love,"Fifteenth Sunday after Pentecost Proper 18, Year A • Ordinary Time","Proper 18, Year A"
2023-09-17,OCCASION_IN_READINGS,Great Work,"Sixteenth Sunday after Pentecost Proper 19, Year A • Ordinary Time","Proper 19, Year A"
2023-09-24,OCCASION_IN_READINGS,The Gifting Circle,"Seventeenth Sunday after Pentecost Proper 20, Year A • Ordinary Time","Proper 20, Year A"
2023-10-01,OCCASION_IN_READINGS,Transformation,"Eighteenth Sunday after Pentecost Proper 21, Year A • Ordinary Time","Proper 21, Year A"
2023-10-08,OCCASION_IN_READINGS,God’s Handiwork,"Nineteenth Sunday after Pentecost Proper 22, Year A • Ordinary Time","Proper 22, Year A"
2023-10-15,OCCASION_IN_READINGS,Stiff-Necked People,"Twentieth Sunday after Pentecost Proper 23, Year A • Ordinary Time","Proper 23, Year A"
2023-10-22,OCCASION_IN_READINGS,Persevere with Steadfast Faith,"Twenty-First Sunday after Pentecost Proper 24, Year A • Ordinary Time","Proper 24, Year A"
2023-10-29,OCCASION_IN_READINGS,Face to Face,"Twenty-Second Sunday after Pentecost Proper 25, Year A • Ordinary Time","Proper 25, Year A"
2023-11-05,OCCASION_IN_READINGS,Contrast,"""All Saints, (white)"" Twenty-Third Sunday after Pentecost Proper 26, Year A • Ordinary Time","Proper 26, Year A"
2023-11-12,OCCASION_IN_READINGS,Ready,"Twenty-Fourth Sunday after Pentecost Proper 27, Year A • Ordinary Time","Proper 27, Year A"
2023-11-19,OCCASION_IN_READINGS,The Gifts of God,"Twenty-Fifth Sunday after Pentecost Proper 28, Year A • Ordinary Time","Proper 28, Year A"
2023-11-26,OCCASION_IN_READINGS,The King of Love,"Christ the King, Year A • Special","Proper 29, Year A"
2023-12-03,EMPTY_READINGS,The Waiting Season,"First Sunday of Advent, Year B • Advent",
2023-12-10,OCCASION_IN_READINGS,Prepare Ye the Way of the Lord,"Second Sunday of Advent, Year B • Advent","Second Sunday of Advent, Year B"
2023-12-17,OCCASION_IN_READINGS,"The Calls of God, Then and Now","Third Sunday of Advent, Year B • Advent","The Third Sunday of Advent, Year B"
2023-12-24,OCCASION_IN_READINGS,Let It Be with Me,"Fourth Sunday of Advent Christmas Eve, Year B • Advent","The Fourth Sunday of Advent, Year B"
2023-12-31,EMPTY_READINGS,I Will Not Keep Silent,"First Sunday after Christmas, Year A • Christmas",
2024-01-07,OCCASION_IN_READINGS,"Ruach: Breath, Wind, Spirit","First Sunday after the Epiphany, Year B • Epiphany","The First Sunday after Epiphany, Year B"
2024-01-14,OCCASION_IN_READINGS,Can Anything Good Come Out of Nazareth?,"Second Sunday after the Epiphany, Year B • Epiphany","The Second Sunday after Epiphany, Year B"
2024-01-21,OCCASION_IN_READINGS,Turning,"Third Sunday after the Epiphany, Year B • Epiphany","The Third Sunday after Epiphany, Year B"
2024-01-28,OCCASION_IN_READINGS,Love Builds Up,"Fourth Sunday after the Epiphany, Year B • Epiphany","The Fourth Sunday after Epiphany, Year B"
2024-02-04,OCCASION_IN_READINGS,Awe and Wonder,"Fifth Sunday after the Epiphany, Year B • Epiphany","The 5th Sunday after Epiphany, Year B"
2024-02-11,OCCASION_IN_READINGS,Here,"Last Sunday after the Epiphany, Year B • Epiphany","The Last Sunday after Epiphany, Year B"
2024-02-18,OCCASION_IN_READINGS,Wilderness,"First Sunday in Lent, Year B • Lent","The First Sunday in Lent, Year B"
2024-02-25,OCCASION_IN_READINGS,“Exceedingly Fruitful”,"Second Sunday in Lent, Year B • Lent","The Second Sunday in Lent, Year B"
2024-03-03,OCCASION_IN_READINGS,Outwardly--Inwardly,"Third Sunday in Lent, Year B • Lent","The Third Sunday in Lent , Year B"
2024-03-10,OCCASION_IN_READINGS,Grace,"Fourth Sunday in Lent, Year B • Lent","The Fourth Sunday in Lent, Year B"
2024-03-17,OCCASION_IN_READINGS,Troubled,"Fifth Sunday in Lent, Year B • Lent","The Fifth Sunday in Lent, Year B"
2024-03-24,OCCASION_IN_READINGS,Preparation,"Palm Sunday, Year B • Lent","The Sunday of the Passion: Palm Sunday, Year B"
2024-03-31,OCCASION_IN_READINGS,Resurrection Grace,"Easter Day Early Principal Evening, Year B • Easter","The Sunday of the Resurrection: Easter Day, Year B"
