"A lectionary tells us what lessons are to be read on a given date. But sometimes we have the inverted question, ""When will this lesson be read?"" The reverse lectionary is a way to find the answer to that question.",
"This reverse lectionary includes the lessons from the Episcopal three year Sunday Lectionary, based on the Revised Common Lectionary, as well as the lessons appointed for Holy Days.",
"The table is organized by book, with the books being in the same order as in the Bible. The shortcuts just below can be used to avoid scrolling through the entire table.",
The Reverse Lectionary,
Verse,Day
Genesis 1:1-5,Epiphany 1B
Genesis 1:1—2:4a,Easter Vigil
Genesis 1:1—2:4a,Trinity Sunday A
Genesis 2:15-17; 3:1-7 ,Lent 1A
Genesis 2:18-24,Proper 22B
Genesis 3:8-15,Proper 5B
Genesis 6:9-22;7:24; 8:14-19,Proper 4A
"Genesis 7:1-5,11-18;8:6-18; 9:8-13",Easter Vigil
Genesis 9:8-17,Lent 1B
Genesis 11:1-9,Vigil of Pentecost
Genesis 11:1-9,Day of Pentecost C
Genesis 12:1-4a ,Lent 2A
Genesis 12:1-9,Proper 5A
Genesis 15:1-6,Proper 14C
"Genesis 15:1-12,17-18",Lent 2C
"Genesis 17:1-7,15-16",Lent 2B
Genesis 18:1-10a,Proper 11C
"Genesis 18:1-15, (21:1-7)",Proper 6A
Genesis 18:20-32,Proper 12C
Genesis 21:8-21,Proper 7A
Genesis 22:1-14,Proper 8A
Genesis 22:1-18,Easter Vigil
"Genesis 24:34-38, 42-49,58-67",Proper 9A
Genesis 25:19-34,Proper 10A
Genesis 28:10-17,St Michael & All Angels
Genesis 28:10-19a,Proper 11A
Genesis 29:15-28,Proper 12A
Genesis 32:22-31,Proper 13A
Genesis 32:22-31,Proper 24C
"Genesis 37:1-4,12-28",Proper 14A
Genesis 45:1-15,Proper 15A
"Genesis 45:3-11,15",Epiphany 7C / Proper 2C
Genesis 50:15-21,Proper 19A
Exodus 1:8—2:10,Proper 16A
Exodus 3:1-15,Lent 3C
Exodus 3:1-15,Proper 17A
"Exodus 12:1-4,(5-10),11-14",Maundy Thursday
Exodus 12:1-14,Proper 18A
Exodus 14:10-31; 15:20-21,Easter Vigil
Exodus 14:19-31,Proper 19A
"Exodus 15:1b-11,20-21",Proper 19A
Exodus 16:2-15,Proper 20A
"Exodus 16:2-4,9-15",Proper 13B
Exodus 17:1-7,Lent 3A
Exodus 17:1-7,Proper 21A
"Exodus 19:1-9a,16-20a;20:18-20",Vigil of Pentecost
Exodus 19:2-8a,Proper 6A
"Exodus 20:1-4,7-9, 12-20",Proper 22A
Exodus 20:1-17,Lent 3B
Exodus 24:12-18 ,Last Epiphany A
Exodus 32:1-14,Proper 23A
Exodus 32:7-14,Proper 19C
Exodus 33:12-23,Proper 24A
Exodus 33:18-23,St John
Exodus 34:29-35,Last Epiphany C
Exodus 34:29-35,The Transfiguration
"Leviticus 19:1-2,9-18",Epiphany 7A / Proper 2A
"Leviticus 19:1-2,15-18",Proper 25A
Numbers 6:22-27 ,Holy Name A
"Numbers 11:4-6,10-16,24-29",Proper 21B
Numbers 11:24-30,Day of Pentecost A
Numbers 21:4-9,Lent 4B
"Deuteronomy 4:1-2,6-9",Proper 17B
Deuteronomy 5:12-15,Proper 4B
Deuteronomy 6:1-9,Proper 26B
Deuteronomy 8:7-18,Thanksgiving Day A
Deuteronomy 10:17-21,Independence Day
"Deuteronomy 11:18-21,26-28",Proper 4A
Deuteronomy 18:15-18,St Bartholomew
Deuteronomy 18:15-20,Epiphany 4B
Deuteronomy 26:1-11,Lent 1C
Deuteronomy 26:1-11,Thanksgiving Day C
Deuteronomy 30:9-14,Proper 10C
Deuteronomy 30:11-14,St Andrew
Deuteronomy 30:15-20,Epiphany 6A / Proper 1A
Deuteronomy 30:15-20,Proper 18C
Deuteronomy 32:1-4,St Simon & St Jude
Deuteronomy 34:1-12,Proper 25A
Joshua 3:7-17,Proper 26A
Joshua 5:9-12,Lent 4C
"Joshua 24:1-2a,14-18",Proper 16B
"Joshua 24:1-3a,14-25",Proper 27A
Judges 4:1-7,Proper 28A
Ruth 1:1-18,Proper 26B
Ruth 3:1-5;4:13-17,Proper 27B
1 Samuel 1:4-20,Proper 28B
1 Samuel 2:1-10,Proper 28B
1 Samuel 2:1-10,The Visitation
"1 Samuel 3:1-10,(11-20)",Epiphany 2B
"1 Samuel 3:1-10,(11-20)",Proper 4B
"1 Samuel 8:4-11(12-15),16-20(11:14-15)",Proper 5B
1 Samuel 15:34—16:13,Proper 6B
1 Samuel 16:1-13,Lent 4A
"1 Samuel 17:(1a,4-11, 19-23),32-49",Proper 7B
"1 Samuel 17:57—18:5,10-16",Proper 7B
"2 Samuel 1:1,17-27",Proper 8B
"2 Samuel 5:1-5,9-10",Proper 9B
"2 Samuel 6:1-5,12b-19",Proper 10B
"2 Samuel 7:1-11,16",Advent 4B
2 Samuel 7:1-14a,Proper 11B
"2 Samuel 7:4,8-16",St Joseph
2 Samuel 11:1-15,Proper 12B
2 Samuel 11:26—12:13a,Proper 13B
"2 Samuel 11:26—12:10,13-15",Proper 6C
"2 Samuel 18:5-9, 15, 31-33",Proper 14B
2 Samuel 23:1-7,Proper 29B
1 Kings 2:10-12; 3:3-14,Proper 15B
1 Kings 3:5-12,Proper 12A
"1 Kings 8:(1,6,10-11),22-30, 41-43",Proper 16B
"1 Kings 8:22-23,41-43",Proper 4C
1 Kings 17:8-16,Proper 27B
1 Kings 17:8-16(17-24),Proper 5C
1 Kings 17:17-24,Proper 5C
"1 Kings 18:20-21 (22-29),30-39",Proper 4C
"1 Kings 19:1-4,(5-7), 8-15a",Proper 7C
1 Kings 19:4-8,Proper 14B
1 Kings 19:9-18,Proper 14A
"1 Kings 19:15-16,19-21",Proper 8C
"1 Kings 21:1-10, (11-14),15-21a",Proper 6C
2 Kings 2:1-12,Last Epiphany B
"2 Kings 2:1-2,6-14",Proper 8C
2 Kings 4:42-44,Proper 12B
2 Kings 5:1-14,Epiphany 6B / Proper 1B
2 Kings 5:1-14,Proper 9C
"2 Kings 5:1-3,7-15c",Proper 23C
"Nehemiah 8:1-3,5-6,8-10",Epiphany 3C
"Esther 7:1-6,9-10; 9:20-22",Proper 21B
Job 1:1;2:1-10,Proper 22B
Job 14:1-14,Holy Saturday
Job 19:23-27a,Proper 27C
"Job 23:1-9,16-17",Proper 23B
"Job 38:1-7,(34-41)",Proper 24B
Job 38:1-11,Proper 7B
"Job 42:1-6,10-17",Proper 25B
Psalm 1,Epiphany 6C / Proper 1C
Psalm 1,Easter 7B
Psalm 1,Proper 18C
Psalm 1,Proper 20B
Psalm 1,Proper 25A
Psalm 1,St James of Jerusalem
Psalm 2,Last Epiphany A
Psalm 2,St Mark
Psalm 4,Easter 3B
Psalm 5:1-8,Proper 6C
Psalm 7:1-10,St James
Psalm 8,Thursday in Easter Week
Psalm 8,"Trinity Sunday A,C"
Psalm 8,Proper 22B
Psalm 8,Holy Name A
Psalm 9:9-20,Proper 7B
Psalm 13,Proper 8A
Psalm 14,Proper 12B
Psalm 14,Proper 19C
Psalm 15,Epiphany 4A
Psalm 15,Proper 11C
Psalm 15,Proper 17B
Psalm 15,St Matthias
Psalm 16,Easter Vigil
Psalm 16,Easter 2A
Psalm 16,Proper 8C
Psalm 16,Proper 28B
Psalm 16:8-11,Monday in Easter Week
"Psalm 17:1-7,16",Proper 13A
Psalm 17:1-9,Proper 27C
Psalm 19,Epiphany 3C
Psalm 19,Lent 3B
Psalm 19,Easter Vigil
Psalm 19,Proper 19B
Psalm 19,Proper 22A
Psalm 19,St Andrew
Psalm 19:7-14,Proper 21B
Psalm 20,Proper 6B
Psalm 22,Good Friday
Psalm 22:1-15,Proper 23B
Psalm 22:18-27,Proper 7C
Psalm 22:22-30,Lent 2B
Psalm 22:24-30,Easter 5B
Psalm 23,Lent 4A
Psalm 23,"Easter 4A,B,C"
Psalm 23,Proper 11B
Psalm 23,Proper 23A
Psalm 23,Confession of St Peter
Psalm 24,Proper 10B
Psalm 24,All Saints B
Psalm 24:7-10,The Presentation
Psalm 25:1-8,Proper 21A
Psalm 25:1-9,Advent 1C
Psalm 25:1-9,Lent 1B
Psalm 25:1-9,Proper 10C
Psalm 26,Proper 22B
Psalm 26:1-8,Proper 17A
Psalm 27,Lent 2C
"Psalm 27:1,5-13",Epiphany 3A
Psalm 29,"Epiphany 1A,B,C"
Psalm 29,Trinity Sunday B
Psalm 30,Epiphany 6B / Proper 1B
Psalm 30,Easter 3C
Psalm 30,Proper 5C
Psalm 30,Proper 8B
Psalm 30,Proper 9C
Psalm 31,St Stephen
"Psalm 31:1-5,15-16",Easter 5A
"Psalm 31:1-4,15-16",Holy Saturday
"Psalm 31:1-5,19-24",Proper 4A
Psalm 31:9-16,"""Palm Sunday A,B,C"""
Psalm 32,Lent 1A
Psalm 32,Lent 4C
Psalm 32,Proper 6C
Psalm 32:1-8,Proper 26C
Psalm 33:1-12,Proper 5A
Psalm 33:12-22,Vigil of Pentecost
Psalm 33:12-22,Proper 14C
Psalm 33:18-22,Tuesday in Easter Week
Psalm 34,St Mary the Virgin
Psalm 34:1-8,Proper 14B
"Psalm 34:1-8,(19-22)",Proper 25B
"Psalm 34:1-10,22",All Saints A
Psalm 34:9-14,Proper 15B
Psalm 34:15-22,Proper 16B
Psalm 36:5-11,Monday in Holy Week
Psalm 36:5-10,Epiphany 2C
"Psalm 37:1-12,41-42",Epiphany 7C / Proper 2C
Psalm 37:1-10,Proper 22C
Psalm 40:1-12,Epiphany 2A
Psalm 40:5-10,The Annunciation
Psalm 41,Epiphany 7B / Proper 2B
Psalm 42,Easter Vigil
Psalm 42,Proper 7C
Psalm 42:1-7,St Mary Magdalene
Psalm 43,Easter Vigil
Psalm 43,Proper 7C
Psalm 43,Proper 26A
Psalm 45,The Annunciation
"Psalm 45:1-2,7-10",Proper 17B
Psalm 45:11-18,Proper 9A
Psalm 46,Easter Vigil
Psalm 46,Proper 4A
Psalm 46,Proper 29C
Psalm 47,Ascension Day
Psalm 48,Proper 9B
Psalm 49:1-11,Proper 13C
Psalm 50:1-6,Last Epiphany B
"Psalm 50:1-8,23-24",Proper 14C
Psalm 50:7-15,Proper 5A
Psalm 51:1-13,Lent 5B
Psalm 51:1-13,Proper 13B
Psalm 51:1-11,Proper 19C
Psalm 52,Proper 11C
Psalm 54,Proper 20B
Psalm 62:6-14,Epiphany 3B
Psalm 63:1-8,Lent 3C
Psalm 65,Proper 25C
Psalm 65,Thanksgiving Day A
"Psalm 65:(1-8),9-14",Proper 10A
Psalm 66:1-11,Proper 23C
Psalm 66:1-8,Proper 9C
Psalm 66:7-18,Easter 6A
Psalm 67,Easter 6C
Psalm 67,Proper 15A
Psalm 67,Conversion of St Paul
"Psalm 68:1-10,33-36",Easter 7A
"Psalm 69: 8-11,(12-17),18-20",Proper 7A
Psalm 70,Proper 27A
Psalm 70,Wednesday in Holy Week
Psalm 71:1-14,Tuesday in Holy Week
Psalm 71:1-6,Epiphany 4C
Psalm 71:1-6,Proper 16C
"Psalm 72:1-7,18-19",Advent 2A
"Psalm 72:1-7,10-14",The Epiphany
"Psalm 77:1-2,11-20",Proper 8C
"Psalm 78:1-4,12-16",Proper 21A
Psalm 78:1-7,Proper 27A
Psalm 78:23-29,Proper 13B
Psalm 79:1-9,Proper 20C
"Psalm 80:1-7,16-18",Advent 1B
"Psalm 80:1-7,16-18",Advent 4A
Psalm 80:1-7,Advent 4C
"Psalm 80:1-2,8-18",Proper 15C
Psalm 80:7-14,Proper 22A
Psalm 81:1-10,Proper 4B
"Psalm 81:1,10-16",Proper 17C
Psalm 82,Proper 10C
Psalm 82,Proper 15C
Psalm 84,Proper 16B
Psalm 84,The Presentation
Psalm 84:1-6,Proper 25C
Psalm 85,Proper 12C
Psalm 85,Nativity of St John the Baptist
"Psalm 85:1-2,8-13",Advent 2B
Psalm 85:8-13,Proper 10B
Psalm 85:8-13,Proper 14A
"Psalm 86:1-10,16-17",Proper 7A
Psalm 86:11-17,Proper 11A
Psalm 87,St Peter & St Paul
"Psalm 89:1-4,15-18",Proper 8A
"Psalm 89:1-4,19-26",Advent 4B
Psalm 89:1-29,St Joseph
Psalm 89:20-37,Proper 11B
"Psalm 90:1-6,13-17",Proper 25A
"Psalm 90:1-8,(9-11),12",Proper 28A
Psalm 90:12-17,Proper 23B
Psalm 91,St Bartholomew
"Psalm 91:1-2,9-16",Lent 1C
"Psalm 91:1-6,14-16",Proper 21C
Psalm 91:9-16,Proper 24B
Psalm 92,St John
"Psalm 92:1-4,11-14",Epiphany 8C / Proper 3C
"Psalm 92:1-4,11-14",Proper 6B
Psalm 93,Proper 29B
Psalm 93,Ascension Day
Psalm 95,Lent 3A
Psalm 95:1-7a,Proper 29A
Psalm 96,"Christmas Day I A,B,C"
Psalm 96,Proper 4C
Psalm 96:1-9,Proper 4C
"Psalm 96:1-9,(10-13)",Proper 24A
Psalm 97,"Christmas Day II A,B,C"
Psalm 97,Easter 7C
Psalm 98,"Christmas Day III A,B,C"
Psalm 98,Easter Vigil
Psalm 98,Easter 6B
Psalm 98,Proper 27C
Psalm 98,Proper 28C
Psalm 98,Holy Cross Day
Psalm 99,Last Epiphany A
Psalm 99,Last Epiphany C
Psalm 99,Proper 24A
Psalm 99,The Transfiguration
Psalm 100,Proper 6A
Psalm 100,Proper 29A
Psalm 100,Thanksgiving Day C
Psalm 103,"Ash Wednesday A,B,C"
Psalm 103,St Michael & All Angels
Psalm 103:1-8,Proper 16C
"Psalm 103:(1-7),8-13",Proper 19A
"Psalm 103:1-13,22",Epiphany 8B / Proper 3B
"Psalm 104:1-9,25,37b",Proper 24B
"Psalm 104:25-35,37","Day of Pentecost A,B,C"
Psalm 104:25-32,Vigil of Pentecost
Psalm 105:1-8,Wednesday in Easter Week
"Psalm 105:1-11,45b",Proper 12A
"Psalm 105:1-6,16-22,45b",Proper 14A
"Psalm 105:1-6,23-26,45c",Proper 17A
"Psalm 105:1-6,37-45",Proper 20A
"Psalm 106:1-6,19-23",Proper 23A
"Psalm 107:1-7,33-37",Proper 26A
"Psalm 107:1-3,17-22",Lent 4B
"Psalm 107:1-3,23-32",Proper 7B
"Psalm 107:1-9,43",Proper 13C
Psalm 111,Epiphany 4B
Psalm 111,Proper 15B
Psalm 111,Proper 23C
Psalm 112,Proper 17C
Psalm 112,St Barnabas
Psalm 112:1-9(10),Epiphany 5A
Psalm 113,Proper 20C
Psalm 113,The Visitation
Psalm 114,Easter Vigil
Psalm 114,Easter Evening
Psalm 114,Proper 19A
Psalm 114,Thursday in Easter Week
Psalm 116:1-8,Friday in Easter Week
Psalm 116:1-8,Proper 19B
"Psalm 116:1,10-17",Proper 6A
"Psalm 116:1,10-17",Maundy Thursday
"Psalm 116:1-3,10-17",Easter 3A
"Psalm 118:1-2,14-24","Easter Day A,B,C"
"Psalm 118:1-2,19-29","Palm Sunday A,B,C"
Psalm 118:14-18,Saturday in Easter Week
Psalm 118:14-29,Easter 2C
Psalm 118:19-24,Monday in Easter Week
Psalm 118:19-24,Tuesday in Easter Week
Psalm 118:19-24,Wednesday in Easter Week
Psalm 118:19-24,Thursday in Easter Week
Psalm 118:19-24,Friday in Easter Week
Psalm 118:19-24,Saturday in Easter Week
Psalm 119:1-8,Epiphany 6A / Proper 1A
Psalm 119:1-8,Proper 26B
Psalm 119:9-16,Lent 5B
Psalm 119:33-40,Epiphany 7A / Proper 2A
Psalm 119:33-40,Proper 18A
Psalm 119:33-40,St Matthew
Psalm 119:33-40,St Philip & St James
Psalm 119:89-96,St Simon & St Jude
Psalm 119:97-104,Proper 24C
Psalm 119:105-112,Proper 10A
Psalm 119:129-136,Proper 12A
Psalm 119:137-144,Proper 26C
Psalm 121,Lent 2A
Psalm 121,Proper 24C
Psalm 122,Advent 1A
Psalm 123,Proper 9B
Psalm 123,Proper 28A
Psalm 124,Proper 16A
Psalm 124,Proper 21B
Psalm 124,Holy Innocents
Psalm 125,Proper 18B
Psalm 126,Advent 3B
Psalm 126,Lent 5C
Psalm 126,Proper 25B
Psalm 126,St Thomas
Psalm 126,Thanksgiving Day B
Psalm 127,Proper 27B
Psalm 128,Proper 12A
Psalm 130,Lent 5A
Psalm 130,Vigil of Pentecost
Psalm 130,Proper 5B
Psalm 130,Proper 8B
Psalm 130,Proper 14B
Psalm 131,Epiphany 8A / Proper 3A
"Psalm 132:1-13,(14-19)",Proper 29B
Psalm 133,Easter 2B
Psalm 133,Proper 7B
Psalm 133,Proper 15A
"Psalm 136:1-9,23-26",Easter Vigil
Psalm 137,Proper 22C
Psalm 138,Epiphany 5C
Psalm 138,Proper 5B
Psalm 138,Proper 12C
Psalm 138,Proper 16A
"Psalm 139:1-5,12-17",Epiphany 2B
"Psalm 139:1-5,12-17",Proper 4B
"Psalm 139:1-5,12-17",Proper 18C
"Psalm 139:1-11,22-23",Proper 11A
Psalm 143,Easter Vigil
Psalm 145,Independence Day
Psalm 145:1-8,Proper 20A
"Psalm 145:1-5,18-22",Proper 27C
"Psalm 145:8-9,15-22",Proper 13A
Psalm 145:8-15,Proper 9A
Psalm 145:10-19,Proper 12B
Psalm 146,Proper 5C
Psalm 146,Proper 18B
Psalm 146,Proper 21C
Psalm 146,Proper 26B
Psalm 146,Proper 27B
Psalm 146:4-9,Advent 3A
Psalm 147,"Christmas 1A,B,C"
Psalm 147,St Luke
"Psalm 147:1-12,21c",Epiphany 5B
Psalm 148,Easter 5C
Psalm 149,Proper 18A
Psalm 149,All Saints C
Psalm 150,Easter 2C
Proverbs 1:20-33,Proper 19B
Proverbs 3:1-6,St Matthew
"Proverbs 8:1-8,19-21;9:4b-6",Easter Vigil
"Proverbs 8:1-4, 22-31",Trinity Sunday C
Proverbs 9:1-6,Proper 15B
"Proverbs 22:1-2, 8-9,22-23",Proper 18B
Proverbs 25:6-7,Proper 17C
Proverbs 31:10-31,Proper 20B
"Ecclesiastes 1:2,12-14; 2:18-23",Proper 13C
Song of Solomon 2:8-13,Proper 9A
Song of Solomon 2:8-13,Proper 17B
"Isaiah 1:1,10-20",Proper 14C
Isaiah 1:10-18,Proper 26C
Isaiah 2:1-5 ,Advent 1A
Isaiah 5:1-7,Proper 22A
Isaiah 5:1-7,Proper 15C
Isaiah 5:1-7,Proper 22A
Isaiah 6:1-8,Trinity Sunday B
"Isaiah 6:1-8,(9-13)",Epiphany 5C
Isaiah 7:10-16 ,Advent 4A
Isaiah 7:10-14,The Annunciation
Isaiah 9:1-4 ,Epiphany 3A
Isaiah 9:2-7 ,"Christmas Day I A,B,C"
Isaiah 11:1-10 ,Advent 2A
Isaiah 25:1-9,Proper 23A
Isaiah 25:6-9,Easter Evening
Isaiah 25:6-9,Easter Day B
Isaiah 25:6-9,All Saints B
Isaiah 30:18-21,St Philip & St James
Isaiah 35:1-10 ,Advent 3A
Isaiah 35:4-7a,Proper 18B
Isaiah 40:1-11,Advent 2B
Isaiah 40:1-11,Nativity of St John the Baptist
Isaiah 40:21-31,Epiphany 5B
Isaiah 42:1-9 ,Epiphany 1A
Isaiah 42:1-9 ,Monday in Holy Week
Isaiah 42:5-12,St Barnabas
Isaiah 43:1-7,Epiphany 1C
Isaiah 43:16-21,Lent 5C
Isaiah 43:18-25,Epiphany 7B / Proper 2B
Isaiah 44:6-8,Proper 11A
Isaiah 45:1-7,Proper 24A
Isaiah 45:21-25,Holy Cross Day
Isaiah 49:1-7 ,Epiphany 2A
Isaiah 49:1-7 ,Tuesday in Holy Week
Isaiah 49:8-16a ,Epiphany 8A / Proper 3A
Isaiah 50:4-9a,"Palm Sunday A,B.C"
Isaiah 50:4-9a,Wednesday in Holy Week
Isaiah 50:4-9a,Proper 19B
Isaiah 51:1-6,Proper 16A
Isaiah 52:7-10 ,"Christmas Day III A,B,C"
Isaiah 52:7-10 ,St Mark
Isaiah 52:13—53:12,Good Friday
Isaiah 53:4-12,Proper 24B
Isaiah 55:1-11,Easter Vigil
Isaiah 55:1-5,Proper 13A
Isaiah 55:10-13,Epiphany 8C / Proper 3C
Isaiah 55:10-13,Proper 10A
"Isaiah 56:1, 6-8",Proper 15A
Isaiah 58:1-12 ,"Ash Wednesday A,B,C"
Isaiah 58:1-9a(9b-12) ,Epiphany 5A
Isaiah 58:9b-14,Proper 16C
Isaiah 60:1-6 ,The Epiphany
"Isaiah 61:1-4,8-11",Advent 3B
Isaiah 61:10-11,St Mary the Virgin
Isaiah 61:10—62:3 ,"Christmas 1A,B,C"
Isaiah 62:1-5,Epiphany 2C
Isaiah 62:6-12 ,"Christmas Day II A,B,C"
Isaiah 64:1-9,Advent 1B
Isaiah 65:1-9,Proper 7C
Isaiah 65:17-25,Easter Day C
Isaiah 65:17-25,Proper 28C
Isaiah 66:10-14,Proper 9C
Jeremiah 1:4-10,Epiphany 4C
Jeremiah 1:4-10,Proper 16C
Jeremiah 2:4-13,Proper 17C
"Jeremiah 4:11-12,22-28",Proper 19C
Jeremiah 8:18—9:1,Proper 20C
Jeremiah 11:18-20,Proper 20B
"Jeremiah 14:7-10,19-22",Proper 25C
Jeremiah 15:15-21,Proper 17A
Jeremiah 17:5-10,Epiphany 6C / Proper 1C
Jeremiah 18:1-11,Proper 18C
Jeremiah 20:7-13,Proper 7A
Jeremiah 23:1-6,Proper 11B
Jeremiah 23:1-6,Proper 29C
Jeremiah 23:23-29,Proper 15C
"Jeremiah 26:1-9,12-15",St Stephen
Jeremiah 28:5-9,Proper 8A
"Jeremiah 29:1,4-7",Proper 23C
Jeremiah 31:1-6,Easter Day A
Jeremiah 31:7-9,Proper 25B
Jeremiah 31:7-14 ,"Christmas 2A,B,C"
Jeremiah 31:15-17,Holy Innocents
Jeremiah 31:27-34,Proper 24C
Jeremiah 31:31-34,Lent 5B
"Jeremiah 32:1-3a,6-15",Proper 21C
Jeremiah 33:14-16,Advent 1C
Jeremiah 45:1-5,St James
Lamentations 1:1-6,Proper 22C
"Lamentations 3:1-9,19-24",Holy Saturday
Lamentations 3:19-26,Proper 22C
Lamentations 3:21-33,Proper 8B
Ezekiel 2:1-5,Proper 9B
Ezekiel 17:22-24,Proper 6B
"Ezekiel 18:1-4,25-32",Proper 21A
Ezekiel 33:7-11,Proper 18A
Ezekiel 34:11-16,St Peter & St Paul
"Ezekiel 34:11-16,20-24",Proper 29A
Ezekiel 36:24-28,Easter Vigil
Ezekiel 37:1-14,Lent 5A
Ezekiel 37:1-14,Easter Vigil
Ezekiel 37:1-14,Vigil of Pentecost
Ezekiel 37:1-14,Day of Pentecost B
"Daniel 7:1-3,15-18",All Saints C
"Daniel 7:9-10,13-14",Proper 29B
Daniel 12:1-3,Proper 28B
Hosea 1:2-10,Proper 12C
Hosea 2:14-20,Epiphany 8B / Proper 3B
Hosea 5:15—6:6,Proper 5A
Hosea 11:1-11,Proper 13C
"Joel 2:1-2,12-17","Ash Wednesday A,B,C"
Joel 2:21-27,Thanksgiving Day B
Joel 2:23-32,Proper 25C
Joel 2:28-32,Vigil of Pentecost
"Amos 5:6-7,10-15",Proper 23B
Amos 5:18-24,Proper 27A
"Amos 6:1a,4-7",Proper 21C
Amos 7:7-15,Proper 10B
Amos 7:7-17,Proper 10C
Amos 8:1-12,Proper 11C
Amos 8:4-7,Proper 20C
"Jonah 3:1-5,10",Epiphany 3B
Jonah 3:10—4:11,Proper 20A
Micah 3:5-12,Proper 26A
Micah 5:2-5a,Advent 4C
Micah 6:1-8 ,Epiphany 4A
Habakkuk 1:1-4; 2:1-4,Proper 22C
Habakkuk 1:1-4; 2:1-4,Proper 26C
Habakkuk 2:1-4,St Thomas
"Zephaniah 1:7,12-18",Proper 28A
Zephaniah 3:14-20,Advent 3C
Zephaniah 3:14-20,Easter Vigil
Haggai 1:15b—2:9,Proper 27C
Zechariah 9:9-12,Proper 9A
Malachi 3:1-4,Advent 2C
Malachi 3:1-4,The Presentation
Malachi 4:1-2a,Proper 28C
"Judith 9:1,11-14",St Mary Magdalene
Wisdom of Solomon 1:13-15; 2:23-24,Proper 8B
"Wisdom of Solomon 1:16—2:1,12-22",Proper 20B
Wisdom of Solomon 3:1-9,All Saints B
Wisdom of Solomon 6:12-16,Proper 27A
Wisdom of Solomon 6:17-20,Proper 27A
Wisdom of Solomon 7:26—8:1,Proper 19B
"Wisdom of Solomon 12:13,16-19",Proper 11A
Sirach (Ecclesiasticus) 10:12-18,Proper 17C
Sirach (Ecclesiasticus) 15:15-20 ,Epiphany 6A / Proper 1A
Sirach (Ecclesiasticus) 27:4-7,Epiphany 8C / Proper 3C
Sirach (Ecclesiasticus) 35:12-17,Proper 25C
"Sirach (Ecclesiasticus) 38:1-4, 6-10,12-14",St Luke
"Baruch 3:9-15,32—4:4",Easter Vigil
Baruch 5:1-9,Advent 2C
Matthew 1:18-25,Advent 4A
Matthew 2:1-12,"Christmas 2A,B,C"
Matthew 2:1-12,The Epiphany
Matthew 2:13-18,Holy Innocents
"Matthew 2:13-15,19-23","Christmas 2A,B,C"
Matthew 3:1-12,Advent 2A
Matthew 3:13-17,Epiphany 1A
Matthew 4:1-11,Lent 1A
Matthew 4:12-23,Epiphany 3A
Matthew 4:18-22,St Andrew
Matthew 5:1-12,Epiphany 4A
Matthew 5:1-12,All Saints A
Matthew 5:13-20,Epiphany 5A
Matthew 5:21-37,Epiphany 6A / Proper 1A
Matthew 5:38-48,Epiphany 7A / Proper 2A
Matthew 5:43-48,Independence Day
"Matthew 6:1-6,16-21","Ash Wednesday A,B,C"
Matthew 6:24-34,Epiphany 8A / Proper 3A
Matthew 6:25-33,Thanksgiving Day B
Matthew 7:21-29,Proper 4A
Matthew 9:9-13,St Matthew
"Matthew 9:9-13,18-26",Proper 5A
"Matthew 9:35—10:8,(9-23)",Proper 6A
Matthew 10:7-16,St Barnabas
Matthew 10:16-22,Conversion of St Paul
Matthew 10:24-39,Proper 7A
Matthew 10:40-42,Proper 8A
Matthew 11:2-11,Advent 3A
"Matthew 11:16-19,25-30",Proper 9A
"Matthew 13:1-9,18-23",Proper 10A
"Matthew 13:24-30,36-43",Proper 11A
"Matthew 13:31-33,44-52",Proper 12A
Matthew 13:54-58,St James of Jerusalem
Matthew 14:13-21,Proper 13A
Matthew 14:22-33,Proper 14A
"Matthew 15:(10-20),21-28",Proper 15A
Matthew 16:13-19,Confession of St Peter
Matthew 16:13-20,Proper 16A
Matthew 16:21-28,Proper 17A
Matthew 17:1-9,Last Epiphany A
Matthew 18:15-20,Proper 18A
Matthew 18:21-35,Proper 19A
Matthew 20:1-16,Proper 20A
Matthew 20:20-28,St James
Matthew 21:1-11,Palm Sunday A
Matthew 21:23-32,Proper 21A
Matthew 21:33-46,Proper 22A
Matthew 22:1-14,Proper 23A
Matthew 22:15-22,Proper 24A
Matthew 22:34-46,Proper 25A
Matthew 23:1-12,Proper 26A
Matthew 23:34-39,St Stephen
Matthew 24:36-44,Advent 1A
Matthew 25:1-13,Proper 27A
Matthew 25:14-30,Proper 28A
Matthew 25:31-46,Proper 29A
Matthew 26:14—27:66,Palm Sunday A
Matthew 27:11-54,Palm Sunday A
Matthew 27:57-66,Holy Saturday
Matthew 28:1-10,Easter Vigil A
Matthew 28:1-10,Easter Day A
Matthew 28:9-15,Monday in Easter Week
Matthew 28:16-20,Trinity Sunday A
Mark 1:1-8,Advent 2B
Mark 1:1-15,St Mark
Mark 1:4-11,Epiphany 1B
Mark 1:9-15,Lent 1B
Mark 1:14-20,Epiphany 3B
Mark 1:21-28,Epiphany 4B
Mark 1:29-39,Epiphany 5B
Mark 1:40-45,Epiphany 6B / Proper 1B
Mark 2:1-12,Epiphany 7B / Proper 2B
Mark 2:13-22,Epiphany 8B / Proper 3B
Mark 2:23—3:6,Proper 4B
Mark 3:20-35,Proper 5B
Mark 4:26-34,Proper 6B
Mark 4:35-41,Proper 7B
Mark 5:21-43,Proper 8B
Mark 6:1-13,Proper 9B
Mark 6:14-29,Proper 10B
"Mark 6:30-34,53-56",Proper 11B
"Mark 7:1-8,14-15,21-23",Proper 17B
Mark 7:24-37,Proper 18B
Mark 8:27-38,Proper 19B
Mark 8:31-38,Lent 2B
Mark 9:2-9,Last Epiphany B
Mark 9:30-37,Proper 20B
Mark 9:38-50,Proper 21B
Mark 10:2-16,Proper 22B
Mark 10:17-31,Proper 23B
Mark 10:35-45,Proper 24B
Mark 10:46-52,Proper 25B
Mark 11:1-11,Palm Sunday B
Mark 12:28-34,Proper 26B
Mark 12:38-44,Proper 27B
Mark 13:1-8,Proper 28B
Mark 13:24-37,Advent 1B
Mark 14:1—15:47,Palm Sunday B
"Mark 15:1-39,(40-47)",Palm Sunday B
Mark 16:1-8,Easter Vigil B
Mark 16:1-8,Easter Day B
"Mark 16:9-15,20",Saturday in Easter Week
Mark 16:15-20,St Mark
Luke 1:26-38,Advent 4B
Luke 1:26-38,The Annunciation
"Luke 1:39-45,(46-55)",Advent 4C
Luke 1:39-57,The Visitation
Luke 1:46-55,St Mary the Virgin
Luke 1:57-80,Nativity of St John the Baptist
"Luke 2:1-14,(15-20)","""Christmas Day I A,B,C"""
"Luke 2:(1-7),8-20","""Christmas Day II A,B,C"""
Luke 2:15-21,Holy Name A
Luke 2:22-40,The Presentation
Luke 2:41-52 ,"""Christmas 2A,B,C"""
Luke 2:41-52,St Joseph
Luke 3:1-6,Advent 2C
Luke 3:7-18,Advent 3C
"Luke 3:15-17,21-22",Epiphany 1C
Luke 4:1-13,Lent 1C
Luke 4:14-21,Epiphany 3C
Luke 4:14-21,St Luke
Luke 4:21-30,Epiphany 4C
Luke 5:1-11,Epiphany 5C
Luke 6:17-26,Epiphany 6C / Proper 1C
Luke 6:20-31,All Saints C
Luke 6:27-38,Epiphany 7C / Proper 2C
Luke 6:39-49,Epiphany 8C / Proper 3C
Luke 7:1-10,Proper 4C
Luke 7:11-17,Proper 5C
Luke 7:36—8:3,Proper 6C
Luke 8:26-39,Proper 7C
Luke 9:28-36,The Transfiguration
"Luke 9:28-36,(37-43a)",Last Epiphany C
Luke 9:51-62,Proper 8C
"Luke 10:1-11,16-20",Proper 9C
Luke 10:25-37,Proper 10C
Luke 10:38-42,Proper 11C
Luke 11:1-13,Proper 12C
Luke 12:13-21,Proper 13C
Luke 12:32-40,Proper 14C
Luke 12:49-56,Proper 15C
Luke 13:1-9,Lent 3C
Luke 13:10-17,Proper 16C
Luke 13:31-35,Lent 2C
"Luke 14:1,7-14",Proper 17C
Luke 14:25-33,Proper 18C
"Luke 15:1-3,11b-32",Lent 4C 
Luke 15:1-10,Proper 19C
Luke 16:1-13,Proper 20C
Luke 16:19-31,Proper 21C
Luke 17:5-10,Proper 22C
Luke 17:11-19,Proper 23C
Luke 17:11-19,Thanksgiving Day A
Luke 18:1-8,Proper 24C
Luke 18:9-14,Proper 25C
Luke 19:1-10,Proper 26C
Luke 19:28-40,Palm Sunday C
Luke 20:27-38,Proper 27C
Luke 21:5-19,Proper 28C
Luke 21:25-36,Advent 1C
Luke 22:14—23:56,Palm Sunday C
Luke 22:24-30,St Bartholomew
Luke 23:1-49,Palm Sunday C
Luke 23:33-43,Proper 29C
Luke 24:1-12,Easter Vigil C
Luke 24:1-12,Easter Day C
Luke 24:13-35,Easter 3A
Luke 24:13-35,Wednesday in Easter Week
Luke 24:13-49,Easter Evening
Luke 24:36b-48,Easter 3B
Luke 24:36b-48,Thursday in Easter Week
Luke 24:44-53,Ascension Day
John 1:1-14,"Christmas Day III A,B,C"
John 1:1-18,"Christmas 1A,B,C"
"John 1:6-8,19-28",Advent 3B
John 1:29-42,Epiphany 2A
John 1:43-51,Epiphany 2B
John 1:47-51,St Michael & All Angels
John 2:1-11,Epiphany 2C
John 2:13-22,Lent 3B
John 3:1-17,Lent 2A
John 3:1-17,Trinity Sunday B
John 3:14-21,Lent 4B
John 4:5-42,Lent 3A
John 5:1-9,Easter 6C
John 6:1-21,Proper 12B
John 6:24-35,Proper 13B
John 6:25-35,Thanksgiving Day C
"John 6:35,41-51",Proper 14B
John 6:51-58,Proper 15B
John 6:56-69,Proper 16B
John 7:37-39,Day of Pentecost A
John 7:37-39a,Vigil of Pentecost
John 9:1-41,Lent 4A
John 10:1-10,Easter 4A
John 10:11-18,Easter 4B
John 10:22-30,Easter 4C
John 11:1-45,Lent 5A
John 11:32-44,All Saints B
John 12:1-8,Lent 5C
John 12:1-11,Monday in Holy Week
John 12:12-16,Palm Sunday B
John 12:20-33,Lent 5B
John 12:20-36,Tuesday in Holy Week
John 12:31-36a,Holy Cross Day
"John 13:1-17,31b-35",Maundy Thursday
John 13:21-32,Wednesday in Holy Week
John 13:31-35,Easter 5C
John 14:1-14,Easter 5A
John 14:6-14,St Philip & St James
"John 14:8-17,(25-27)",Day of Pentecost C
John 14:15-21,Easter 6A
John 14:23-29,Easter 6C
"John 15:1,6-16",St Matthias
John 15:1-8,Easter 5B
John 15:9-17,Easter 6B
John 15:26-27; 16:4b-15,Day of Pentecost B
John 15:17-27,St Simon & St Jude
John 16:12-15,Trinity Sunday C
John 17:1-11,Easter 7A
John 17:6-19,Easter 7B
John 17:20-26,Easter 7C
John 18:1-19:42,Good Friday
John 18:33-37,Proper 29B
John 19:38-42,Holy Saturday
John 20:1-18,"Easter Day A,B,C"
John 20:11-18,Tuesday in Easter Week
John 20:11-18,St Mary Magdalene
John 20:19-23,Day of Pentecost A
John 20:19-31,"Easter 2A,B,C"
John 20:24-29,St Thomas
John 21:1-14,Friday in Easter Week
John 21:1-19,Easter 3C
John 21:15-19,St Peter & St Paul
John 21:19b-24,St John
Acts 1:1-11,Ascension Day
Acts 1:6-14,Easter 7A
"Acts 1:15-17,21-26",Easter 7B
Acts 1:15-26,St Matthias
Acts 2:1-11,Vigil of Pentecost
Acts 2:1-21,"Day of Pentecost A,B,C"
"Acts 2:14a,22-32",Easter 2A
"Acts 2:14,22b-32",Monday in Easter Week
"Acts 2:14a,36-41",Easter 3A
Acts 2:36-41,Tuesday in Easter Week
Acts 2:42-47,Easter 4A
Acts 3:1-10,Wednesday in Easter Week
Acts 3:11-26,Thursday in Easter Week
Acts 3:12-19,Easter 3B
Acts 4:1-12,Friday in Easter Week
Acts 4:5-12,Easter 4B
Acts 4:8-13,Confession of St Peter
Acts 4:13-21,Saturday in Easter Week
Acts 4:32-35,Easter 2B
Acts 5:27-32,Easter 2C
"Acts 6:8––7:2a,51c-60",St Stephen
Acts 7:55-60,Easter 5A
Acts 8:14-17,Epiphany 1C
Acts 8:26-40,Easter 5B
"Acts 9:1-6,(7-20)",Easter 3C
Acts 9:36-43,Easter 4C
Acts 10:34-43 ,Epiphany 1A
Acts 10:34-43 ,"Easter Day A,B,C"
Acts 10:44-48,Easter 6B
Acts 11:1-18,Easter 5C
Acts 11:19-30; 13:1-3,St Barnabas
Acts 11:27––12:3,St James
Acts 13:14b-26,Nativity of St John the Baptist
Acts 15:12-22a,St James of Jerusalem
Acts 16:9-15,Easter 6C
Acts 16:16-34,Easter 7C
Acts 17:22-31,Easter 6A
Acts 19:1-7,Epiphany 1B
Acts 26:9-21,Conversion of St Paul
Romans 1:1-7 ,Advent 4A
"Romans 1:16-17; 3:22b-28,(29-31)",Proper 4A
"Romans 4:1-5,13-17",Lent 2A
Romans 4:13-18,St Joseph
Romans 4:13-25,Lent 2B
Romans 4:13-25,Proper 5A
Romans 5:1-5,Trinity Sunday C
Romans 5:1-8,Proper 6A
Romans 5:1-11,Lent 3A
Romans 5:12-19 ,Lent 1A
Romans 6:1b-11,Proper 7A
Romans 6:3-11,Easter Vigil
Romans 6:12-23,Proper 8A
Romans 7:15-25a,Proper 9A
Romans 8:1-11,Proper 10A
Romans 8:6-11,Lent 5A
Romans 8:12-17,Trinity Sunday B
Romans 8:12-25,Proper 11A
Romans 8:14-17,Day of Pentecost C
"Romans 8:14-17,22-27",Vigil of Pentecost
Romans 8:22-27,Day of Pentecost B
Romans 8:26-39,Proper 12A
Romans 9:1-5,Proper 13A
Romans 10:5-15,Proper 14A
Romans 10:8b-13,Lent 1C
Romans 10:8b-18,St Andrew
"Romans 11:1-2a,29-32",Proper 15A
Romans 12:1-8,Proper 16A
Romans 12:9-16b,The Visitation
Romans 12:9-21,Proper 17A
Romans 13:8-14,Proper 18A
Romans 13:11-14 ,Advent 1A
Romans 14:1-12,Proper 19A
Romans 15:4-13 ,Advent 2A
Romans 16:25-27,Advent 4B
1 Corinthians 1:1-9 ,Epiphany 2A
1 Corinthians 1:3-9,Advent 1B
1 Corinthians 1:10-18 ,Epiphany 3A
1 Corinthians 1:18-25,Lent 3B
1 Corinthians 1:18-31 ,Epiphany 4A
1 Corinthians 1:18-31 ,Tuesday in Holy Week
1 Corinthians 2:1-12(13-16) ,Epiphany 5A
1 Corinthians 3:1-9 ,Epiphany 6A / Proper 1A
"1 Corinthians 3:10-11,16-23",Epiphany 7A / Proper 2A
1 Corinthians 4:1-5 ,Epiphany 8A / Proper 3A
1 Corinthians 4:9-15,St Bartholomew
1 Corinthians 5:6b-8,Easter Evening
1 Corinthians 6:12-20,Epiphany 2B
1 Corinthians 7:29-31,Epiphany 3B
1 Corinthians 8:1-13,Epiphany 4B
1 Corinthians 9:16-23,Epiphany 5B
1 Corinthians 9:24-27,Epiphany 6B / Proper 1B
1 Corinthians 10:1-13,Lent 3C
1 Corinthians 11:23-26,Maundy Thursday
1 Corinthians 12:1-11,Epiphany 2C
1 Corinthians 12:3b-13,Day of Pentecost A
1 Corinthians 12:12-31a,Epiphany 3C
1 Corinthians 13:1-13,Epiphany 4C
1 Corinthians 15:1-11,Epiphany 5C
1 Corinthians 15:1-11,Easter Day B
1 Corinthians 15:1-11,St James of Jerusalem
1 Corinthians 15:12-20,Epiphany 6C / Proper 1C
1 Corinthians 15:19-26,Easter Day C
"1 Corinthians 15:35-38,42-50",Epiphany 7C / Proper 2C
1 Corinthians 15:51-58,Epiphany 8C / Proper 3C
2 Corinthians 1:18-22,Epiphany 7B / Proper 2B
2 Corinthians 3:1-6,Epiphany 8B / Proper 3B
2 Corinthians 3:12—4:2,Last Epiphany C
2 Corinthians 4:1-6,St Philip & St James
2 Corinthians 4:3-6,Last Epiphany B
2 Corinthians 4:5-12,Proper 4B
2 Corinthians 4:13—5:1,Proper 5B
"2 Corinthians 5: 6-10, (11-13),14-17",Proper 6B
2 Corinthians 5:14-18,St Mary Magdalene
2 Corinthians 5:16-21,Lent 4C
2 Corinthians 5:20b—6:10 ,"Ash Wednesday A,B,C"
2 Corinthians 6:1-13,Proper 7B
2 Corinthians 8:7-15,Proper 8B
2 Corinthians 9:6-15,Thanksgiving Day A
2 Corinthians 12:2-10,Proper 9B
2 Corinthians 13:11-13,Trinity Sunday A
Galatians 1:1-12,Proper 4C
Galatians 1:11-24,Proper 5C
Galatians 1:11-24,Conversion of St Paul
Galatians 2:15-21,Proper 6C
Galatians 3:23-25; 4:4-7 ,"Christmas 1A,B,C"
Galatians 3:23-29,Proper 7C
Galatians 4:4-7 ,Holy Name A
Galatians 4:4-7 ,St Mary the Virgin
"Galatians 5:1,13-25",Proper 8C
"Galatians 6:(1-6),7-16",Proper 9C
Galatians 6:14-18,Holy Cross Day
Ephesians 1:3-14,Proper 10B
"Ephesians 1:3-6, 15-19a ","Christmas 2A,B,C"
Ephesians 1:11-23,All Saints C
Ephesians 1:15-23,Ascension Day
Ephesians 1:15-23,Proper 29A
Ephesians 2:1-10,Lent 4B
Ephesians 2:11-22,Proper 11B
Ephesians 2:13-22,St Simon & St Jude
Ephesians 3:1-12 ,The Epiphany
Ephesians 3:14-21,Proper 12B
Ephesians 4:1-16,Proper 13B
"Ephesians 4:7-8,11-16",St Mark
Ephesians 4:25—5:2,Proper 14B
Ephesians 5:8-14,Lent 4A
Ephesians 5:15-20,Proper 15B
Ephesians 6:10-20,Proper 16B
Philippians 1:3-11,Advent 2C
Philippians 1:21-30,Proper 20A
Philippians 2:1-13,Proper 21A
Philippians 2:5-11 ,Holy Name A
Philippians 2:5-11 ,"Palm Sunday A,B,C"
Philippians 2:5-11 ,Holy Cross Day
Philippians 3:4b-14,Lent 5C
Philippians 3:4b-14,Proper 22A
Philippians 3:13b-21,St Matthias
Philippians 3:17—4:1,Lent 2C
Philippians 4:1-9,Proper 23A
Philippians 4:4-7,Advent 3C
Philippians 4:4-9,Thanksgiving Day C
Colossians 1:1-14,Proper 10C
Colossians 1:11-20,Proper 29C
Colossians 1:15-28,Proper 11C
"Colossians 2:6-15,(16-19)",Proper 12C
Colossians 3:1-4,Easter Day A
Colossians 3:1-11,Proper 13C
1 Thessalonians 1:1-10,Proper 24A
1 Thessalonians 2:1-8,Proper 25A
1 Thessalonians 2:9-13,Proper 26A
1 Thessalonians 3:9-13,Advent 1C
1 Thessalonians 4:13-18,Proper 27A
1 Thessalonians 5:1-11,Proper 28A
1 Thessalonians 5:16-24,Advent 3B
"2 Thessalonians 1:1-4,11-12",Proper 26C
"2 Thessalonians 2:1-5,13-17",Proper 27C
2 Thessalonians 3:6-13,Proper 28C
1 Timothy 1:12-17,Proper 19C
1 Timothy 2:1-7,Proper 20C
1 Timothy 2:1-7,Thanksgiving Day B
1 Timothy 6:6-19,Proper 21C
2 Timothy 1:1-14,Proper 22C
2 Timothy 2:8-15,Proper 23C
2 Timothy 3:14-17,St Matthew
2 Timothy 3:14—4:5,Proper 24C
2 Timothy 4:1-8,St Peter & St Paul
2 Timothy 4:5-13,St Luke
"2 Timothy 4:6-8,16-18",Proper 25C
Titus 2:11-14 ,"Christmas Day I A,B,C"
Titus 3:4-7 ,"Christmas Day II A,B,C"
Philemon 1-21,Proper 18C
"Hebrews 1:1-4,(5-12) ","Christmas Day III A,B,C"
Hebrews 1:1-4; 2:5-12,Proper 22B
Hebrews 2:14-18,The Presentation
Hebrews 4:12-16,Proper 23B
Hebrews 4:14-16; 5:7-9,Good Friday
Hebrews 5:1-10,Proper 24B
Hebrews 5:5-10,Lent 5B
Hebrews 7:23-28,Proper 25B
Hebrews 9:11-14,Proper 26B
Hebrews 9:11-15,Monday in Holy Week
Hebrews 9:24-28,Proper 27B
Hebrews 10:4-10,The Annunciation
Hebrews 10:5-10,Advent 4C
Hebrews 10:11-14 (15-18)19-25,Proper 28B
Hebrews 10:16-25,Good Friday
Hebrews 10:35––11:1,St Thomas
"Hebrews 11:1-3,8-16",Proper 14C
Hebrews 11:8-16,Independence Day
Hebrews 11:29—12:2,Proper 15C
Hebrews 12:1-3,Wednesday in Holy Week
Hebrews 12:18-29,Proper 16C
"Hebrews 13:1-8,15-16",Proper 17C
James 1:17-27,Proper 17B
"James 2:1-10(11-13),14-17",Proper 18B
James 3:1-12,Proper 19B
"James 3:13—4:3,7-8a",Proper 20B
James 5:7-10 ,Advent 3A
James 5:13-20,Proper 21B
1 Peter 1:3-9,Easter 2A
1 Peter 1:17-23,Easter 3A
1 Peter 2:2-10,Easter 5A
1 Peter 2:19-25,Easter 4A
1 Peter 3:13-22,Easter 6A
1 Peter 3:18-22,Lent 1B
1 Peter 4:1-8,Holy Saturday
1 Peter 4:12-14; 5:6-11,Easter 7A
1 Peter 5:1-4,Confession of St Peter
2 Peter 1:13-21,The Transfiguration
2 Peter 1:16-21 ,Last Epiphany A
2 Peter 3:8-15a,Advent 2B
1 John 1:1-9,St John
1 John 1:1—2:2,Easter 2B
1 John 3:16-24,Easter 4B
1 John 3:1-7,Easter 3B
1 John 3:1-3,All Saints A
1 John 4:7-21,Easter 5B
1 John 5:1-6,Easter 6B
1 John 5:9-13,Easter 7B
Revelation 1:4-8,Easter 2C
Revelation 1:4b-8,Proper 29B
Revelation 5:11-14,Easter 3C
Revelation 7:9-17,Easter 4C
Revelation 7:9-17,All Saints A
Revelation 12:7-12,St Michael & All Angels
Revelation 21:1-6,Easter 5C
Revelation 21:1-6a,All Saints B
Revelation 21:1-7,Holy Innocents
"Revelation 21:10,22—22:5",Easter 6C
"Revelation 22:12-14,16-17,20-21",Easter 7C
Canticle 2 ,Vigil of Pentecost
Canticle 2 ,"Trinity Sunday A,B,C"
Canticle 3,Advent 3A
Canticle 3,Advent 3B
Canticle 3,Advent 4B
Canticle 3,Advent 4C
Canticle 3,The Annunciation
Canticle 4 ,Advent 2C
Canticle 4 ,Proper 29C
Canticle 8,Easter Vigil
Canticle 9,Advent 3C
Canticle 9,Easter Vigil
Canticle 9,Proper 28C
Canticle 13,Vigil of Pentecost
Canticle 13,"Trinity Sunday A,B,C"
Canticle 15,Advent 3A
Canticle 15,Advent 3B
Canticle 15,Advent 4B
Canticle 15,Advent 4C
Canticle 15,The Annunciation
Canticle 16,Advent 2C
Canticle 16,Proper 29C